INSERT INTO T_SYSGRP_C(GRP_CD, GRP_CD_NM, GRP_CD_EXP, USE_YN, FRST_REGR_ID, FRST_REG_DTM, LST_MDFR_ID, LST_MDF_DTM ) VALUES('TC0001', '화면ID', '', 'Y', 'ADMIN', clock_timestamp(), 'ADMIN', clock_timestamp());
INSERT INTO T_SYSGRP_C(GRP_CD, GRP_CD_NM, GRP_CD_EXP, USE_YN, FRST_REGR_ID, FRST_REG_DTM, LST_MDFR_ID, LST_MDF_DTM ) VALUES('TC0002', '백업구분', '', 'Y', 'ADMIN', clock_timestamp(), 'ADMIN', clock_timestamp());
INSERT INTO T_SYSGRP_C(GRP_CD, GRP_CD_NM, GRP_CD_EXP, USE_YN, FRST_REGR_ID, FRST_REG_DTM, LST_MDFR_ID, LST_MDF_DTM ) VALUES('TC0003', '백업옵션', '', 'Y', 'ADMIN', clock_timestamp(), 'ADMIN', clock_timestamp());
INSERT INTO T_SYSGRP_C(GRP_CD, GRP_CD_NM, GRP_CD_EXP, USE_YN, FRST_REGR_ID, FRST_REG_DTM, LST_MDFR_ID, LST_MDF_DTM ) VALUES('TC0004', '백업파일포맷', '', 'Y', 'ADMIN', clock_timestamp(), 'ADMIN', clock_timestamp());
INSERT INTO T_SYSGRP_C(GRP_CD, GRP_CD_NM, GRP_CD_EXP, USE_YN, FRST_REGR_ID, FRST_REG_DTM, LST_MDFR_ID, LST_MDF_DTM ) VALUES('TC0005', '인코딩방식', '', 'Y', 'ADMIN', clock_timestamp(), 'ADMIN', clock_timestamp());
INSERT INTO T_SYSGRP_C(GRP_CD, GRP_CD_NM, GRP_CD_EXP, USE_YN, FRST_REGR_ID, FRST_REG_DTM, LST_MDFR_ID, LST_MDF_DTM ) VALUES('TC0006', 'Sections', '', 'Y', 'ADMIN', clock_timestamp(), 'ADMIN', clock_timestamp());
INSERT INTO T_SYSGRP_C(GRP_CD, GRP_CD_NM, GRP_CD_EXP, USE_YN, FRST_REGR_ID, FRST_REG_DTM, LST_MDFR_ID, LST_MDF_DTM ) VALUES('TC0007', 'Object형태', '', 'Y', 'ADMIN', clock_timestamp(), 'ADMIN', clock_timestamp());
INSERT INTO T_SYSGRP_C(GRP_CD, GRP_CD_NM, GRP_CD_EXP, USE_YN, FRST_REGR_ID, FRST_REG_DTM, LST_MDFR_ID, LST_MDF_DTM ) VALUES('TC0008', '저장선택', '', 'Y', 'ADMIN', clock_timestamp(), 'ADMIN', clock_timestamp());
INSERT INTO T_SYSGRP_C(GRP_CD, GRP_CD_NM, GRP_CD_EXP, USE_YN, FRST_REGR_ID, FRST_REG_DTM, LST_MDFR_ID, LST_MDF_DTM ) VALUES('TC0009', 'Queries', '', 'Y', 'ADMIN', clock_timestamp(), 'ADMIN', clock_timestamp());
INSERT INTO T_SYSGRP_C(GRP_CD, GRP_CD_NM, GRP_CD_EXP, USE_YN, FRST_REGR_ID, FRST_REG_DTM, LST_MDFR_ID, LST_MDF_DTM ) VALUES('TC0010', 'Miscellaneous', '', 'Y', 'ADMIN', clock_timestamp(), 'ADMIN', clock_timestamp());
INSERT INTO T_SYSGRP_C(GRP_CD, GRP_CD_NM, GRP_CD_EXP, USE_YN, FRST_REGR_ID, FRST_REG_DTM, LST_MDFR_ID, LST_MDF_DTM ) VALUES('TC0011', 'Type', '서버접근제어 Type', 'Y', 'ADMIN', clock_timestamp(), 'ADMIN', clock_timestamp());
INSERT INTO T_SYSGRP_C(GRP_CD, GRP_CD_NM, GRP_CD_EXP, USE_YN, FRST_REGR_ID, FRST_REG_DTM, LST_MDFR_ID, LST_MDF_DTM ) VALUES('TC0012', 'Method', '서버접근제어 Method', 'Y', 'ADMIN', clock_timestamp(), 'ADMIN', clock_timestamp());
INSERT INTO T_SYSGRP_C(GRP_CD, GRP_CD_NM, GRP_CD_EXP, USE_YN, FRST_REGR_ID, FRST_REG_DTM, LST_MDFR_ID, LST_MDF_DTM ) VALUES('TC0013', '로그종류', '감사로그종류', 'Y', 'ADMIN', clock_timestamp(), 'ADMIN', clock_timestamp());
INSERT INTO T_SYSGRP_C(GRP_CD, GRP_CD_NM, GRP_CD_EXP, USE_YN, FRST_REGR_ID, FRST_REG_DTM, LST_MDFR_ID, LST_MDF_DTM ) VALUES('TC0014', '로그수준', '감사로그수준', 'Y', 'ADMIN', clock_timestamp(), 'ADMIN', clock_timestamp());
INSERT INTO T_SYSGRP_C(GRP_CD, GRP_CD_NM, GRP_CD_EXP, USE_YN, FRST_REGR_ID, FRST_REG_DTM, LST_MDFR_ID, LST_MDF_DTM ) VALUES('TC0015', 'Agent상태코드', '', 'Y', 'ADMIN', clock_timestamp(), 'ADMIN', clock_timestamp());
INSERT INTO T_SYSGRP_C(GRP_CD, GRP_CD_NM, GRP_CD_EXP, USE_YN, FRST_REGR_ID, FRST_REG_DTM, LST_MDFR_ID, LST_MDF_DTM ) VALUES('TC0016', '시행주기', '스케쥴시행주기', 'Y', 'ADMIN', clock_timestamp(), 'ADMIN', clock_timestamp());
INSERT INTO T_SYSGRP_C(GRP_CD, GRP_CD_NM, GRP_CD_EXP, USE_YN, FRST_REGR_ID, FRST_REG_DTM, LST_MDFR_ID, LST_MDF_DTM ) VALUES('TC0017', '성공여부', '백업실행성공여부', 'Y', 'ADMIN', clock_timestamp(), 'ADMIN', clock_timestamp());
INSERT INTO T_SYSGRP_C(GRP_CD, GRP_CD_NM, GRP_CD_EXP, USE_YN, FRST_REGR_ID, FRST_REG_DTM, LST_MDFR_ID, LST_MDF_DTM ) VALUES('TC0018', '스케줄상태', '스케줄상태', 'Y', 'ADMIN', clock_timestamp(), 'ADMIN', clock_timestamp());
INSERT INTO T_SYSGRP_C(GRP_CD, GRP_CD_NM, GRP_CD_EXP, USE_YN, FRST_REGR_ID, FRST_REG_DTM, LST_MDFR_ID, LST_MDF_DTM ) VALUES('TC0019', '업무구분코드', '', 'Y', 'ADMIN', clock_timestamp(), 'ADMIN', clock_timestamp());
INSERT INTO T_SYSGRP_C(GRP_CD, GRP_CD_NM, GRP_CD_EXP, USE_YN, FRST_REGR_ID, FRST_REG_DTM, LST_MDFR_ID, LST_MDF_DTM ) VALUES('TC0020', '조치결과코드', '', 'Y', 'ADMIN', clock_timestamp(), 'ADMIN', clock_timestamp());
INSERT INTO T_SYSGRP_C(GRP_CD, GRP_CD_NM, GRP_CD_EXP, USE_YN, FRST_REGR_ID, FRST_REG_DTM, LST_MDFR_ID, LST_MDF_DTM ) VALUES('TC0021', 'Disable', '', 'Y', 'ADMIN', clock_timestamp(), 'ADMIN', clock_timestamp());

INSERT INTO T_SYSGRP_C(GRP_CD, GRP_CD_NM, GRP_CD_EXP, USE_YN, FRST_REGR_ID, FRST_REG_DTM, LST_MDFR_ID, LST_MDF_DTM ) VALUES('TC0022', 'DBMS구분', '', 'Y', 'ADMIN', clock_timestamp(), 'ADMIN', clock_timestamp());
INSERT INTO T_SYSGRP_C(GRP_CD, GRP_CD_NM, GRP_CD_EXP, USE_YN, FRST_REGR_ID, FRST_REG_DTM, LST_MDFR_ID, LST_MDF_DTM ) VALUES('TC0023', '케릭터셋(ORACLE)', '', 'Y', 'ADMIN', clock_timestamp(), 'ADMIN', clock_timestamp());
INSERT INTO T_SYSGRP_C(GRP_CD, GRP_CD_NM, GRP_CD_EXP, USE_YN, FRST_REGR_ID, FRST_REG_DTM, LST_MDFR_ID, LST_MDF_DTM ) VALUES('TC0024', '케릭터셋(TIBERO)', '', 'Y', 'ADMIN', clock_timestamp(), 'ADMIN', clock_timestamp());
INSERT INTO T_SYSGRP_C(GRP_CD, GRP_CD_NM, GRP_CD_EXP, USE_YN, FRST_REGR_ID, FRST_REG_DTM, LST_MDFR_ID, LST_MDF_DTM ) VALUES('TC0025', '케릭터셋(DB2)', '', 'Y', 'ADMIN', clock_timestamp(), 'ADMIN', clock_timestamp());
INSERT INTO T_SYSGRP_C(GRP_CD, GRP_CD_NM, GRP_CD_EXP, USE_YN, FRST_REGR_ID, FRST_REG_DTM, LST_MDFR_ID, LST_MDF_DTM ) VALUES('TC0026', '케릭터셋(SyBaseASE)', '', 'Y', 'ADMIN', clock_timestamp(), 'ADMIN', clock_timestamp());
INSERT INTO T_SYSGRP_C(GRP_CD, GRP_CD_NM, GRP_CD_EXP, USE_YN, FRST_REGR_ID, FRST_REG_DTM, LST_MDFR_ID, LST_MDF_DTM ) VALUES('TC0027', '케릭터셋(MySQL)', '', 'Y', 'ADMIN', clock_timestamp(), 'ADMIN', clock_timestamp());
INSERT INTO T_SYSGRP_C(GRP_CD, GRP_CD_NM, GRP_CD_EXP, USE_YN, FRST_REGR_ID, FRST_REG_DTM, LST_MDFR_ID, LST_MDF_DTM ) VALUES('TC0028', '대소문자구분', '', 'Y', 'ADMIN', clock_timestamp(), 'ADMIN', clock_timestamp());
INSERT INTO T_SYSGRP_C(GRP_CD, GRP_CD_NM, GRP_CD_EXP, USE_YN, FRST_REGR_ID, FRST_REG_DTM, LST_MDFR_ID, LST_MDF_DTM ) VALUES('TC0029', '옵션여부', '', 'Y', 'ADMIN', clock_timestamp(), 'ADMIN', clock_timestamp());
INSERT INTO T_SYSGRP_C(GRP_CD, GRP_CD_NM, GRP_CD_EXP, USE_YN, FRST_REGR_ID, FRST_REG_DTM, LST_MDFR_ID, LST_MDF_DTM ) VALUES('TC0030', '입력모드', '', 'Y', 'ADMIN', clock_timestamp(), 'ADMIN', clock_timestamp());
INSERT INTO T_SYSGRP_C(GRP_CD, GRP_CD_NM, GRP_CD_EXP, USE_YN, FRST_REGR_ID, FRST_REG_DTM, LST_MDFR_ID, LST_MDF_DTM ) VALUES('TC0031', '케릭터셋(CUBRID)', '', 'Y', 'ADMIN', clock_timestamp(), 'ADMIN', clock_timestamp());
INSERT INTO T_SYSGRP_C(GRP_CD, GRP_CD_NM, GRP_CD_EXP, USE_YN, FRST_REGR_ID, FRST_REG_DTM, LST_MDFR_ID, LST_MDF_DTM ) VALUES('TC0032', '이행구분', '', 'Y', 'ADMIN', clock_timestamp(), 'ADMIN', clock_timestamp());

INSERT INTO T_SYSGRP_C(GRP_CD, GRP_CD_NM, GRP_CD_EXP, USE_YN, FRST_REGR_ID, FRST_REG_DTM, LST_MDFR_ID, LST_MDF_DTM ) VALUES( 'TC0033', '작업유형', 'SCALE 작업유형', 'Y', 'ADMIN', clock_timestamp(), 'ADMIN', clock_timestamp());
INSERT INTO T_SYSGRP_C(GRP_CD, GRP_CD_NM, GRP_CD_EXP, USE_YN, FRST_REGR_ID, FRST_REG_DTM, LST_MDFR_ID, LST_MDF_DTM ) VALUES( 'TC0034', '실행유형', 'SCALE 실행유형', 'Y', 'ADMIN', clock_timestamp(), 'ADMIN', clock_timestamp());
INSERT INTO T_SYSGRP_C(GRP_CD, GRP_CD_NM, GRP_CD_EXP, USE_YN, FRST_REGR_ID, FRST_REG_DTM, LST_MDFR_ID, LST_MDF_DTM ) VALUES( 'TC0035', '정책유형', 'SCALE 정책유형', 'Y', 'ADMIN', clock_timestamp(), 'ADMIN', clock_timestamp());


INSERT INTO T_SYSDTL_C(GRP_CD, SYS_CD, SYS_CD_NM, USE_YN, FRST_REGR_ID, FRST_REG_DTM, LST_MDFR_ID, LST_MDF_DTM ) VALUES('TC0001', 'DX-T0003', '로그인', 'Y', 'ADMIN', clock_timestamp(), 'ADMIN', clock_timestamp());
INSERT INTO T_SYSDTL_C(GRP_CD, SYS_CD, SYS_CD_NM, USE_YN, FRST_REGR_ID, FRST_REG_DTM, LST_MDFR_ID, LST_MDF_DTM ) VALUES('TC0001', 'DX-T0003_01', '로그아웃', 'Y', 'ADMIN', clock_timestamp(), 'ADMIN', clock_timestamp());
INSERT INTO T_SYSDTL_C(GRP_CD, SYS_CD, SYS_CD_NM, USE_YN, FRST_REGR_ID, FRST_REG_DTM, LST_MDFR_ID, LST_MDF_DTM ) VALUES('TC0001', 'DX-T0004', '메인', 'Y', 'ADMIN', clock_timestamp(), 'ADMIN', clock_timestamp());
INSERT INTO T_SYSDTL_C(GRP_CD, SYS_CD, SYS_CD_NM, USE_YN, FRST_REGR_ID, FRST_REG_DTM, LST_MDFR_ID, LST_MDF_DTM ) VALUES('TC0001', 'DX-T0005', 'DBMS 등록 화면', 'Y', 'ADMIN', clock_timestamp(), 'ADMIN', clock_timestamp());
INSERT INTO T_SYSDTL_C(GRP_CD, SYS_CD, SYS_CD_NM, USE_YN, FRST_REGR_ID, FRST_REG_DTM, LST_MDFR_ID, LST_MDF_DTM ) VALUES('TC0001', 'DX-T0005_01', 'Database 저장', 'Y', 'ADMIN', clock_timestamp(), 'ADMIN', clock_timestamp());
INSERT INTO T_SYSDTL_C(GRP_CD, SYS_CD, SYS_CD_NM, USE_YN, FRST_REGR_ID, FRST_REG_DTM, LST_MDFR_ID, LST_MDF_DTM ) VALUES('TC0001', 'DX-T0005_02', 'DBMS 삭제', 'Y', 'ADMIN', clock_timestamp(), 'ADMIN', clock_timestamp());
INSERT INTO T_SYSDTL_C(GRP_CD, SYS_CD, SYS_CD_NM, USE_YN, FRST_REGR_ID, FRST_REG_DTM, LST_MDFR_ID, LST_MDF_DTM ) VALUES('TC0001', 'DX-T0006', 'DBMS 등록 팝업', 'Y', 'ADMIN', clock_timestamp(), 'ADMIN', clock_timestamp());
INSERT INTO T_SYSDTL_C(GRP_CD, SYS_CD, SYS_CD_NM, USE_YN, FRST_REGR_ID, FRST_REG_DTM, LST_MDFR_ID, LST_MDF_DTM ) VALUES('TC0001', 'DX-T0006_01', 'DBMS 등록', 'Y', 'ADMIN', clock_timestamp(), 'ADMIN', clock_timestamp());
INSERT INTO T_SYSDTL_C(GRP_CD, SYS_CD, SYS_CD_NM, USE_YN, FRST_REGR_ID, FRST_REG_DTM, LST_MDFR_ID, LST_MDF_DTM ) VALUES('TC0001', 'DX-T0006_02', 'DBMS 연결테스트', 'Y', 'ADMIN', clock_timestamp(), 'ADMIN', clock_timestamp());
INSERT INTO T_SYSDTL_C(GRP_CD, SYS_CD, SYS_CD_NM, USE_YN, FRST_REGR_ID, FRST_REG_DTM, LST_MDFR_ID, LST_MDF_DTM ) VALUES('TC0001', 'DX-T0007', 'DBMS 수정 팝업', 'Y', 'ADMIN', clock_timestamp(), 'ADMIN', clock_timestamp());
INSERT INTO T_SYSDTL_C(GRP_CD, SYS_CD, SYS_CD_NM, USE_YN, FRST_REGR_ID, FRST_REG_DTM, LST_MDFR_ID, LST_MDF_DTM ) VALUES('TC0001', 'DX-T0007_01', 'DBMS 수정', 'Y', 'ADMIN', clock_timestamp(), 'ADMIN', clock_timestamp());
INSERT INTO T_SYSDTL_C(GRP_CD, SYS_CD, SYS_CD_NM, USE_YN, FRST_REGR_ID, FRST_REG_DTM, LST_MDFR_ID, LST_MDF_DTM ) VALUES('TC0001', 'DX-T0008', 'DBMS 관리 화면', 'Y', 'ADMIN', clock_timestamp(), 'ADMIN', clock_timestamp());
INSERT INTO T_SYSDTL_C(GRP_CD, SYS_CD, SYS_CD_NM, USE_YN, FRST_REGR_ID, FRST_REG_DTM, LST_MDFR_ID, LST_MDF_DTM ) VALUES('TC0001', 'DX-T0008_01', 'DBMS 조회', 'Y', 'ADMIN', clock_timestamp(), 'ADMIN', clock_timestamp());
INSERT INTO T_SYSDTL_C(GRP_CD, SYS_CD, SYS_CD_NM, USE_YN, FRST_REGR_ID, FRST_REG_DTM, LST_MDFR_ID, LST_MDF_DTM ) VALUES('TC0001', 'DX-T0009', 'DataBase 관리 화면', 'Y', 'ADMIN', clock_timestamp(), 'ADMIN', clock_timestamp());
INSERT INTO T_SYSDTL_C(GRP_CD, SYS_CD, SYS_CD_NM, USE_YN, FRST_REGR_ID, FRST_REG_DTM, LST_MDFR_ID, LST_MDF_DTM ) VALUES('TC0001', 'DX-T0009_01', 'DataBase 삭제', 'Y', 'ADMIN', clock_timestamp(), 'ADMIN', clock_timestamp());
INSERT INTO T_SYSDTL_C(GRP_CD, SYS_CD, SYS_CD_NM, USE_YN, FRST_REGR_ID, FRST_REG_DTM, LST_MDFR_ID, LST_MDF_DTM ) VALUES('TC0001', 'DX-T0009_02', 'DataBase 조회', 'Y', 'ADMIN', clock_timestamp(), 'ADMIN', clock_timestamp());
INSERT INTO T_SYSDTL_C(GRP_CD, SYS_CD, SYS_CD_NM, USE_YN, FRST_REGR_ID, FRST_REG_DTM, LST_MDFR_ID, LST_MDF_DTM ) VALUES('TC0001', 'DX-T0010', 'DataBase 등록 팝업', 'Y', 'ADMIN', clock_timestamp(), 'ADMIN', clock_timestamp());
INSERT INTO T_SYSDTL_C(GRP_CD, SYS_CD, SYS_CD_NM, USE_YN, FRST_REGR_ID, FRST_REG_DTM, LST_MDFR_ID, LST_MDF_DTM ) VALUES('TC0001', 'DX-T0010_01', 'Database 저장', 'Y', 'ADMIN', clock_timestamp(), 'ADMIN', clock_timestamp());
INSERT INTO T_SYSDTL_C(GRP_CD, SYS_CD, SYS_CD_NM, USE_YN, FRST_REGR_ID, FRST_REG_DTM, LST_MDFR_ID, LST_MDF_DTM ) VALUES('TC0001', 'DX-T0011', '전송서버설정 화면', 'Y', 'ADMIN', clock_timestamp(), 'ADMIN', clock_timestamp());
INSERT INTO T_SYSDTL_C(GRP_CD, SYS_CD, SYS_CD_NM, USE_YN, FRST_REGR_ID, FRST_REG_DTM, LST_MDFR_ID, LST_MDF_DTM ) VALUES('TC0001', 'DX-T0011_01', '전송서버설정 저장', 'Y', 'ADMIN', clock_timestamp(), 'ADMIN', clock_timestamp());
INSERT INTO T_SYSDTL_C(GRP_CD, SYS_CD, SYS_CD_NM, USE_YN, FRST_REGR_ID, FRST_REG_DTM, LST_MDFR_ID, LST_MDF_DTM ) VALUES('TC0001', 'DX-T0012', '커넥터 관리 화면', 'Y', 'ADMIN', clock_timestamp(), 'ADMIN', clock_timestamp());
INSERT INTO T_SYSDTL_C(GRP_CD, SYS_CD, SYS_CD_NM, USE_YN, FRST_REGR_ID, FRST_REG_DTM, LST_MDFR_ID, LST_MDF_DTM ) VALUES('TC0001', 'DX-T0012_01', '커넥터 조회', 'Y', 'ADMIN', clock_timestamp(), 'ADMIN', clock_timestamp());
INSERT INTO T_SYSDTL_C(GRP_CD, SYS_CD, SYS_CD_NM, USE_YN, FRST_REGR_ID, FRST_REG_DTM, LST_MDFR_ID, LST_MDF_DTM ) VALUES('TC0001', 'DX-T0012_02', '커넥터 삭제', 'Y', 'ADMIN', clock_timestamp(), 'ADMIN', clock_timestamp());
INSERT INTO T_SYSDTL_C(GRP_CD, SYS_CD, SYS_CD_NM, USE_YN, FRST_REGR_ID, FRST_REG_DTM, LST_MDFR_ID, LST_MDF_DTM ) VALUES('TC0001', 'DX-T0013', '커넥터 등록 팝업', 'Y', 'ADMIN', clock_timestamp(), 'ADMIN', clock_timestamp());
INSERT INTO T_SYSDTL_C(GRP_CD, SYS_CD, SYS_CD_NM, USE_YN, FRST_REGR_ID, FRST_REG_DTM, LST_MDFR_ID, LST_MDF_DTM ) VALUES('TC0001', 'DX-T0013_01', '커넥터 등록', 'Y', 'ADMIN', clock_timestamp(), 'ADMIN', clock_timestamp());
INSERT INTO T_SYSDTL_C(GRP_CD, SYS_CD, SYS_CD_NM, USE_YN, FRST_REGR_ID, FRST_REG_DTM, LST_MDFR_ID, LST_MDF_DTM ) VALUES('TC0001', 'DX-T0014', '커넥터 수정 팝업', 'Y', 'ADMIN', clock_timestamp(), 'ADMIN', clock_timestamp());
INSERT INTO T_SYSDTL_C(GRP_CD, SYS_CD, SYS_CD_NM, USE_YN, FRST_REGR_ID, FRST_REG_DTM, LST_MDFR_ID, LST_MDF_DTM ) VALUES('TC0001', 'DX-T0014_01', '커넥터 수정', 'Y', 'ADMIN', clock_timestamp(), 'ADMIN', clock_timestamp());
INSERT INTO T_SYSDTL_C(GRP_CD, SYS_CD, SYS_CD_NM, USE_YN, FRST_REGR_ID, FRST_REG_DTM, LST_MDFR_ID, LST_MDF_DTM ) VALUES('TC0001', 'DX-T0015', '채널 설정 화면', 'Y', 'ADMIN', clock_timestamp(), 'ADMIN', clock_timestamp());
INSERT INTO T_SYSDTL_C(GRP_CD, SYS_CD, SYS_CD_NM, USE_YN, FRST_REGR_ID, FRST_REG_DTM, LST_MDFR_ID, LST_MDF_DTM ) VALUES('TC0001', 'DX-T0015_01', '채널 삭제', 'Y', 'ADMIN', clock_timestamp(), 'ADMIN', clock_timestamp());
INSERT INTO T_SYSDTL_C(GRP_CD, SYS_CD, SYS_CD_NM, USE_YN, FRST_REGR_ID, FRST_REG_DTM, LST_MDFR_ID, LST_MDF_DTM ) VALUES('TC0001', 'DX-T0016', '채널 등록 팝업', 'Y', 'ADMIN', clock_timestamp(), 'ADMIN', clock_timestamp());
INSERT INTO T_SYSDTL_C(GRP_CD, SYS_CD, SYS_CD_NM, USE_YN, FRST_REGR_ID, FRST_REG_DTM, LST_MDFR_ID, LST_MDF_DTM ) VALUES('TC0001', 'DX-T0016_01', '채널 등록', 'Y', 'ADMIN', clock_timestamp(), 'ADMIN', clock_timestamp());
INSERT INTO T_SYSDTL_C(GRP_CD, SYS_CD, SYS_CD_NM, USE_YN, FRST_REGR_ID, FRST_REG_DTM, LST_MDFR_ID, LST_MDF_DTM ) VALUES('TC0001', 'DX-T0017', '채널 수정 팝업', 'Y', 'ADMIN', clock_timestamp(), 'ADMIN', clock_timestamp());
INSERT INTO T_SYSDTL_C(GRP_CD, SYS_CD, SYS_CD_NM, USE_YN, FRST_REGR_ID, FRST_REG_DTM, LST_MDFR_ID, LST_MDF_DTM ) VALUES('TC0001', 'DX-T0017_01', '채널 수정', 'Y', 'ADMIN', clock_timestamp(), 'ADMIN', clock_timestamp());
INSERT INTO T_SYSDTL_C(GRP_CD, SYS_CD, SYS_CD_NM, USE_YN, FRST_REGR_ID, FRST_REG_DTM, LST_MDFR_ID, LST_MDF_DTM ) VALUES('TC0001', 'DX-T0018', '채널 상세조회 팝업', 'Y', 'ADMIN', clock_timestamp(), 'ADMIN', clock_timestamp());
INSERT INTO T_SYSDTL_C(GRP_CD, SYS_CD, SYS_CD_NM, USE_YN, FRST_REGR_ID, FRST_REG_DTM, LST_MDFR_ID, LST_MDF_DTM ) VALUES('TC0001', 'DX-T0019', '채널 실행/중지 화면', 'Y', 'ADMIN', clock_timestamp(), 'ADMIN', clock_timestamp());
INSERT INTO T_SYSDTL_C(GRP_CD, SYS_CD, SYS_CD_NM, USE_YN, FRST_REGR_ID, FRST_REG_DTM, LST_MDFR_ID, LST_MDF_DTM ) VALUES('TC0001', 'DX-T0019_01', '전송서버실행', 'Y', 'ADMIN', clock_timestamp(), 'ADMIN', clock_timestamp());
INSERT INTO T_SYSDTL_C(GRP_CD, SYS_CD, SYS_CD_NM, USE_YN, FRST_REGR_ID, FRST_REG_DTM, LST_MDFR_ID, LST_MDF_DTM ) VALUES('TC0001', 'DX-T0019_02', '전송서버정지', 'Y', 'ADMIN', clock_timestamp(), 'ADMIN', clock_timestamp());
INSERT INTO T_SYSDTL_C(GRP_CD, SYS_CD, SYS_CD_NM, USE_YN, FRST_REGR_ID, FRST_REG_DTM, LST_MDFR_ID, LST_MDF_DTM ) VALUES('TC0001', 'DX-T0020', 'Database 매핑 팝업', 'Y', 'ADMIN', clock_timestamp(), 'ADMIN', clock_timestamp());
INSERT INTO T_SYSDTL_C(GRP_CD, SYS_CD, SYS_CD_NM, USE_YN, FRST_REGR_ID, FRST_REG_DTM, LST_MDFR_ID, LST_MDF_DTM ) VALUES('TC0001', 'DX-T0020_01', 'Database 매핑 저장', 'Y', 'ADMIN', clock_timestamp(), 'ADMIN', clock_timestamp());
INSERT INTO T_SYSDTL_C(GRP_CD, SYS_CD, SYS_CD_NM, USE_YN, FRST_REGR_ID, FRST_REG_DTM, LST_MDFR_ID, LST_MDF_DTM ) VALUES('TC0001', 'DX-T0021', '백업설정 화면', 'Y', 'ADMIN', clock_timestamp(), 'ADMIN', clock_timestamp());
INSERT INTO T_SYSDTL_C(GRP_CD, SYS_CD, SYS_CD_NM, USE_YN, FRST_REGR_ID, FRST_REG_DTM, LST_MDFR_ID, LST_MDF_DTM ) VALUES('TC0001', 'DX-T0021_01', 'Online 백업 조회', 'Y', 'ADMIN', clock_timestamp(), 'ADMIN', clock_timestamp());
INSERT INTO T_SYSDTL_C(GRP_CD, SYS_CD, SYS_CD_NM, USE_YN, FRST_REGR_ID, FRST_REG_DTM, LST_MDFR_ID, LST_MDF_DTM ) VALUES('TC0001', 'DX-T0021_02', '백업 work 삭제', 'Y', 'ADMIN', clock_timestamp(), 'ADMIN', clock_timestamp());
INSERT INTO T_SYSDTL_C(GRP_CD, SYS_CD, SYS_CD_NM, USE_YN, FRST_REGR_ID, FRST_REG_DTM, LST_MDFR_ID, LST_MDF_DTM ) VALUES('TC0001', 'DX-T0021_03', 'Dump 백업 조회', 'Y', 'ADMIN', clock_timestamp(), 'ADMIN', clock_timestamp());
INSERT INTO T_SYSDTL_C(GRP_CD, SYS_CD, SYS_CD_NM, USE_YN, FRST_REGR_ID, FRST_REG_DTM, LST_MDFR_ID, LST_MDF_DTM ) VALUES('TC0001', 'DX-T0022', 'Online 백업 등록 팝업', 'Y', 'ADMIN', clock_timestamp(), 'ADMIN', clock_timestamp());
INSERT INTO T_SYSDTL_C(GRP_CD, SYS_CD, SYS_CD_NM, USE_YN, FRST_REGR_ID, FRST_REG_DTM, LST_MDFR_ID, LST_MDF_DTM ) VALUES('TC0001', 'DX-T0022_01', 'Online 백업 등록', 'Y', 'ADMIN', clock_timestamp(), 'ADMIN', clock_timestamp());
INSERT INTO T_SYSDTL_C(GRP_CD, SYS_CD, SYS_CD_NM, USE_YN, FRST_REGR_ID, FRST_REG_DTM, LST_MDFR_ID, LST_MDF_DTM ) VALUES('TC0001', 'DX-T0023', 'Online 백업 수정 팝업', 'Y', 'ADMIN', clock_timestamp(), 'ADMIN', clock_timestamp());
INSERT INTO T_SYSDTL_C(GRP_CD, SYS_CD, SYS_CD_NM, USE_YN, FRST_REGR_ID, FRST_REG_DTM, LST_MDFR_ID, LST_MDF_DTM ) VALUES('TC0001', 'DX-T0023_01', 'Online 백업 수정', 'Y', 'ADMIN', clock_timestamp(), 'ADMIN', clock_timestamp());
INSERT INTO T_SYSDTL_C(GRP_CD, SYS_CD, SYS_CD_NM, USE_YN, FRST_REGR_ID, FRST_REG_DTM, LST_MDFR_ID, LST_MDF_DTM ) VALUES('TC0001', 'DX-T0024', 'Dump 백업 등록 팝업', 'Y', 'ADMIN', clock_timestamp(), 'ADMIN', clock_timestamp());
INSERT INTO T_SYSDTL_C(GRP_CD, SYS_CD, SYS_CD_NM, USE_YN, FRST_REGR_ID, FRST_REG_DTM, LST_MDFR_ID, LST_MDF_DTM ) VALUES('TC0001', 'DX-T0024_01', 'Dump 백업 등록', 'Y', 'ADMIN', clock_timestamp(), 'ADMIN', clock_timestamp());
INSERT INTO T_SYSDTL_C(GRP_CD, SYS_CD, SYS_CD_NM, USE_YN, FRST_REGR_ID, FRST_REG_DTM, LST_MDFR_ID, LST_MDF_DTM ) VALUES('TC0001', 'DX-T0025', 'Dump 백업 수정 팝업', 'Y', 'ADMIN', clock_timestamp(), 'ADMIN', clock_timestamp());
INSERT INTO T_SYSDTL_C(GRP_CD, SYS_CD, SYS_CD_NM, USE_YN, FRST_REGR_ID, FRST_REG_DTM, LST_MDFR_ID, LST_MDF_DTM ) VALUES('TC0001', 'DX-T0025_01', 'Dump 백업 수정', 'Y', 'ADMIN', clock_timestamp(), 'ADMIN', clock_timestamp());
INSERT INTO T_SYSDTL_C(GRP_CD, SYS_CD, SYS_CD_NM, USE_YN, FRST_REGR_ID, FRST_REG_DTM, LST_MDFR_ID, LST_MDF_DTM ) VALUES('TC0001', 'DX-T0026', '백업이력 화면', 'Y', 'ADMIN', clock_timestamp(), 'ADMIN', clock_timestamp());
INSERT INTO T_SYSDTL_C(GRP_CD, SYS_CD, SYS_CD_NM, USE_YN, FRST_REGR_ID, FRST_REG_DTM, LST_MDFR_ID, LST_MDF_DTM ) VALUES('TC0001', 'DX-T0026_01', 'Online 백업이력 조회', 'Y', 'ADMIN', clock_timestamp(), 'ADMIN', clock_timestamp());
INSERT INTO T_SYSDTL_C(GRP_CD, SYS_CD, SYS_CD_NM, USE_YN, FRST_REGR_ID, FRST_REG_DTM, LST_MDFR_ID, LST_MDF_DTM ) VALUES('TC0001', 'DX-T0026_02', 'Dump 백업이력 조회', 'Y', 'ADMIN', clock_timestamp(), 'ADMIN', clock_timestamp());
INSERT INTO T_SYSDTL_C(GRP_CD, SYS_CD, SYS_CD_NM, USE_YN, FRST_REGR_ID, FRST_REG_DTM, LST_MDFR_ID, LST_MDF_DTM ) VALUES('TC0001', 'DX-T0027', '접근제어 화면', 'Y', 'ADMIN', clock_timestamp(), 'ADMIN', clock_timestamp());
INSERT INTO T_SYSDTL_C(GRP_CD, SYS_CD, SYS_CD_NM, USE_YN, FRST_REGR_ID, FRST_REG_DTM, LST_MDFR_ID, LST_MDF_DTM ) VALUES('TC0001', 'DX-T0027_01', '접근제어 삭제', 'Y', 'ADMIN', clock_timestamp(), 'ADMIN', clock_timestamp());
INSERT INTO T_SYSDTL_C(GRP_CD, SYS_CD, SYS_CD_NM, USE_YN, FRST_REGR_ID, FRST_REG_DTM, LST_MDFR_ID, LST_MDF_DTM ) VALUES('TC0001', 'DX-T0027_02', '접근제어 적용', 'Y', 'ADMIN', clock_timestamp(), 'ADMIN', clock_timestamp());
INSERT INTO T_SYSDTL_C(GRP_CD, SYS_CD, SYS_CD_NM, USE_YN, FRST_REGR_ID, FRST_REG_DTM, LST_MDFR_ID, LST_MDF_DTM ) VALUES('TC0001', 'DX-T0028', '접근제어 등록 팝업', 'Y', 'ADMIN', clock_timestamp(), 'ADMIN', clock_timestamp());
INSERT INTO T_SYSDTL_C(GRP_CD, SYS_CD, SYS_CD_NM, USE_YN, FRST_REGR_ID, FRST_REG_DTM, LST_MDFR_ID, LST_MDF_DTM ) VALUES('TC0001', 'DX-T0028_01', '접근제어 등록', 'Y', 'ADMIN', clock_timestamp(), 'ADMIN', clock_timestamp());
INSERT INTO T_SYSDTL_C(GRP_CD, SYS_CD, SYS_CD_NM, USE_YN, FRST_REGR_ID, FRST_REG_DTM, LST_MDFR_ID, LST_MDF_DTM ) VALUES('TC0001', 'DX-T0029', '접근제어 수정 팝업', 'Y', 'ADMIN', clock_timestamp(), 'ADMIN', clock_timestamp());
INSERT INTO T_SYSDTL_C(GRP_CD, SYS_CD, SYS_CD_NM, USE_YN, FRST_REGR_ID, FRST_REG_DTM, LST_MDFR_ID, LST_MDF_DTM ) VALUES('TC0001', 'DX-T0029_01', '접근제어 수정', 'Y', 'ADMIN', clock_timestamp(), 'ADMIN', clock_timestamp());
INSERT INTO T_SYSDTL_C(GRP_CD, SYS_CD, SYS_CD_NM, USE_YN, FRST_REGR_ID, FRST_REG_DTM, LST_MDFR_ID, LST_MDF_DTM ) VALUES('TC0001', 'DX-T0030', '정책변경이력 화면', 'Y', 'ADMIN', clock_timestamp(), 'ADMIN', clock_timestamp());
INSERT INTO T_SYSDTL_C(GRP_CD, SYS_CD, SYS_CD_NM, USE_YN, FRST_REGR_ID, FRST_REG_DTM, LST_MDFR_ID, LST_MDF_DTM ) VALUES('TC0001', 'DX-T0030_01', '정책변경이력 조회', 'Y', 'ADMIN', clock_timestamp(), 'ADMIN', clock_timestamp());
INSERT INTO T_SYSDTL_C(GRP_CD, SYS_CD, SYS_CD_NM, USE_YN, FRST_REGR_ID, FRST_REG_DTM, LST_MDFR_ID, LST_MDF_DTM ) VALUES('TC0001', 'DX-T0030_02', '정책변경이력 복원', 'Y', 'ADMIN', clock_timestamp(), 'ADMIN', clock_timestamp());
INSERT INTO T_SYSDTL_C(GRP_CD, SYS_CD, SYS_CD_NM, USE_YN, FRST_REGR_ID, FRST_REG_DTM, LST_MDFR_ID, LST_MDF_DTM ) VALUES('TC0001', 'DX-T0031', '감사설정 화면', 'Y', 'ADMIN', clock_timestamp(), 'ADMIN', clock_timestamp());
INSERT INTO T_SYSDTL_C(GRP_CD, SYS_CD, SYS_CD_NM, USE_YN, FRST_REGR_ID, FRST_REG_DTM, LST_MDFR_ID, LST_MDF_DTM ) VALUES('TC0001', 'DX-T0031_01', '감사설정 저장', 'Y', 'ADMIN', clock_timestamp(), 'ADMIN', clock_timestamp());
INSERT INTO T_SYSDTL_C(GRP_CD, SYS_CD, SYS_CD_NM, USE_YN, FRST_REGR_ID, FRST_REG_DTM, LST_MDFR_ID, LST_MDF_DTM ) VALUES('TC0001', 'DX-T0032', '감사이력 화면', 'Y', 'ADMIN', clock_timestamp(), 'ADMIN', clock_timestamp());
INSERT INTO T_SYSDTL_C(GRP_CD, SYS_CD, SYS_CD_NM, USE_YN, FRST_REGR_ID, FRST_REG_DTM, LST_MDFR_ID, LST_MDF_DTM ) VALUES('TC0001', 'DX-T0032_01', '감사이력 조회', 'Y', 'ADMIN', clock_timestamp(), 'ADMIN', clock_timestamp());
INSERT INTO T_SYSDTL_C(GRP_CD, SYS_CD, SYS_CD_NM, USE_YN, FRST_REGR_ID, FRST_REG_DTM, LST_MDFR_ID, LST_MDF_DTM ) VALUES('TC0001', 'DX-T0032_02', '감사이력 다운로드', 'Y', 'ADMIN', clock_timestamp(), 'ADMIN', clock_timestamp());
INSERT INTO T_SYSDTL_C(GRP_CD, SYS_CD, SYS_CD_NM, USE_YN, FRST_REGR_ID, FRST_REG_DTM, LST_MDFR_ID, LST_MDF_DTM ) VALUES('TC0001', 'DX-T0033', '사용자 관리 화면', 'Y', 'ADMIN', clock_timestamp(), 'ADMIN', clock_timestamp());
INSERT INTO T_SYSDTL_C(GRP_CD, SYS_CD, SYS_CD_NM, USE_YN, FRST_REGR_ID, FRST_REG_DTM, LST_MDFR_ID, LST_MDF_DTM ) VALUES('TC0001', 'DX-T0033_01', '사용자 관리 조회', 'Y', 'ADMIN', clock_timestamp(), 'ADMIN', clock_timestamp());
INSERT INTO T_SYSDTL_C(GRP_CD, SYS_CD, SYS_CD_NM, USE_YN, FRST_REGR_ID, FRST_REG_DTM, LST_MDFR_ID, LST_MDF_DTM ) VALUES('TC0001', 'DX-T0033_02', '사용자 삭제', 'Y', 'ADMIN', clock_timestamp(), 'ADMIN', clock_timestamp());
INSERT INTO T_SYSDTL_C(GRP_CD, SYS_CD, SYS_CD_NM, USE_YN, FRST_REGR_ID, FRST_REG_DTM, LST_MDFR_ID, LST_MDF_DTM ) VALUES('TC0001', 'DX-T0034', '사용자 등록 팝업', 'Y', 'ADMIN', clock_timestamp(), 'ADMIN', clock_timestamp());
INSERT INTO T_SYSDTL_C(GRP_CD, SYS_CD, SYS_CD_NM, USE_YN, FRST_REGR_ID, FRST_REG_DTM, LST_MDFR_ID, LST_MDF_DTM ) VALUES('TC0001', 'DX-T0034_01', '사용자 등록', 'Y', 'ADMIN', clock_timestamp(), 'ADMIN', clock_timestamp());
INSERT INTO T_SYSDTL_C(GRP_CD, SYS_CD, SYS_CD_NM, USE_YN, FRST_REGR_ID, FRST_REG_DTM, LST_MDFR_ID, LST_MDF_DTM ) VALUES('TC0001', 'DX-T0035', '사용자 수정 팝업', 'Y', 'ADMIN', clock_timestamp(), 'ADMIN', clock_timestamp());
INSERT INTO T_SYSDTL_C(GRP_CD, SYS_CD, SYS_CD_NM, USE_YN, FRST_REGR_ID, FRST_REG_DTM, LST_MDFR_ID, LST_MDF_DTM ) VALUES('TC0001', 'DX-T0035_01', '사용자 수정', 'Y', 'ADMIN', clock_timestamp(), 'ADMIN', clock_timestamp());
INSERT INTO T_SYSDTL_C(GRP_CD, SYS_CD, SYS_CD_NM, USE_YN, FRST_REGR_ID, FRST_REG_DTM, LST_MDFR_ID, LST_MDF_DTM ) VALUES('TC0001', 'DX-T0036', '메뉴 권한 관리 화면', 'Y', 'ADMIN', clock_timestamp(), 'ADMIN', clock_timestamp());
INSERT INTO T_SYSDTL_C(GRP_CD, SYS_CD, SYS_CD_NM, USE_YN, FRST_REGR_ID, FRST_REG_DTM, LST_MDFR_ID, LST_MDF_DTM ) VALUES('TC0001', 'DX-T0036_01', '메뉴권한 저장', 'Y', 'ADMIN', clock_timestamp(), 'ADMIN', clock_timestamp());
INSERT INTO T_SYSDTL_C(GRP_CD, SYS_CD, SYS_CD_NM, USE_YN, FRST_REGR_ID, FRST_REG_DTM, LST_MDFR_ID, LST_MDF_DTM ) VALUES('TC0001', 'DX-T0037', '서버권한관리 화면', 'Y', 'ADMIN', clock_timestamp(), 'ADMIN', clock_timestamp());
INSERT INTO T_SYSDTL_C(GRP_CD, SYS_CD, SYS_CD_NM, USE_YN, FRST_REGR_ID, FRST_REG_DTM, LST_MDFR_ID, LST_MDF_DTM ) VALUES('TC0001', 'DX-T0037_01', 'DB서버 메뉴권한 저장', 'Y', 'ADMIN', clock_timestamp(), 'ADMIN', clock_timestamp());
INSERT INTO T_SYSDTL_C(GRP_CD, SYS_CD, SYS_CD_NM, USE_YN, FRST_REGR_ID, FRST_REG_DTM, LST_MDFR_ID, LST_MDF_DTM ) VALUES('TC0001', 'DX-T0038', 'DB권한관리 화면', 'Y', 'ADMIN', clock_timestamp(), 'ADMIN', clock_timestamp());
INSERT INTO T_SYSDTL_C(GRP_CD, SYS_CD, SYS_CD_NM, USE_YN, FRST_REGR_ID, FRST_REG_DTM, LST_MDFR_ID, LST_MDF_DTM ) VALUES('TC0001', 'DX-T0038_01', 'DB 권한 저장', 'Y', 'ADMIN', clock_timestamp(), 'ADMIN', clock_timestamp());
INSERT INTO T_SYSDTL_C(GRP_CD, SYS_CD, SYS_CD_NM, USE_YN, FRST_REGR_ID, FRST_REG_DTM, LST_MDFR_ID, LST_MDF_DTM ) VALUES('TC0001', 'DX-T0039', '화면접근이력 화면', 'Y', 'ADMIN', clock_timestamp(), 'ADMIN', clock_timestamp());
INSERT INTO T_SYSDTL_C(GRP_CD, SYS_CD, SYS_CD_NM, USE_YN, FRST_REGR_ID, FRST_REG_DTM, LST_MDFR_ID, LST_MDF_DTM ) VALUES('TC0001', 'DX-T0039_01', '화면접근이력 엑셀저장', 'Y', 'ADMIN', clock_timestamp(), 'ADMIN', clock_timestamp());
INSERT INTO T_SYSDTL_C(GRP_CD, SYS_CD, SYS_CD_NM, USE_YN, FRST_REGR_ID, FRST_REG_DTM, LST_MDFR_ID, LST_MDF_DTM ) VALUES('TC0001', 'DX-T0039_02', '화면접근이력 조회', 'Y', 'ADMIN', clock_timestamp(), 'ADMIN', clock_timestamp());
INSERT INTO T_SYSDTL_C(GRP_CD, SYS_CD, SYS_CD_NM, USE_YN, FRST_REGR_ID, FRST_REG_DTM, LST_MDFR_ID, LST_MDF_DTM ) VALUES('TC0001', 'DX-T0040', '관리 에이전트 모니터링 화면', 'Y', 'ADMIN', clock_timestamp(), 'ADMIN', clock_timestamp());
INSERT INTO T_SYSDTL_C(GRP_CD, SYS_CD, SYS_CD_NM, USE_YN, FRST_REGR_ID, FRST_REG_DTM, LST_MDFR_ID, LST_MDF_DTM ) VALUES('TC0001', 'DX-T0040_01', '관리 에이전트 모니터링 조회', 'Y', 'ADMIN', clock_timestamp(), 'ADMIN', clock_timestamp());
INSERT INTO T_SYSDTL_C(GRP_CD, SYS_CD, SYS_CD_NM, USE_YN, FRST_REGR_ID, FRST_REG_DTM, LST_MDFR_ID, LST_MDF_DTM ) VALUES('TC0001', 'DX-T0041', '확장팩설치정보 화면', 'Y', 'ADMIN', clock_timestamp(), 'ADMIN', clock_timestamp());
INSERT INTO T_SYSDTL_C(GRP_CD, SYS_CD, SYS_CD_NM, USE_YN, FRST_REGR_ID, FRST_REG_DTM, LST_MDFR_ID, LST_MDF_DTM ) VALUES('TC0001', 'DX-T0042', '스케줄 등록 화면', 'Y', 'ADMIN', clock_timestamp(), 'ADMIN', clock_timestamp());
INSERT INTO T_SYSDTL_C(GRP_CD, SYS_CD, SYS_CD_NM, USE_YN, FRST_REGR_ID, FRST_REG_DTM, LST_MDFR_ID, LST_MDF_DTM ) VALUES('TC0001', 'DX-T0042_01', '스케줄 등록', 'Y', 'ADMIN', clock_timestamp(), 'ADMIN', clock_timestamp());
INSERT INTO T_SYSDTL_C(GRP_CD, SYS_CD, SYS_CD_NM, USE_YN, FRST_REGR_ID, FRST_REG_DTM, LST_MDFR_ID, LST_MDF_DTM ) VALUES('TC0001', 'DX-T0043', 'work 추가 팝업', 'Y', 'ADMIN', clock_timestamp(), 'ADMIN', clock_timestamp());
INSERT INTO T_SYSDTL_C(GRP_CD, SYS_CD, SYS_CD_NM, USE_YN, FRST_REGR_ID, FRST_REG_DTM, LST_MDFR_ID, LST_MDF_DTM ) VALUES('TC0001', 'DX-T0043_01', 'work 조회', 'Y', 'ADMIN', clock_timestamp(), 'ADMIN', clock_timestamp());
INSERT INTO T_SYSDTL_C(GRP_CD, SYS_CD, SYS_CD_NM, USE_YN, FRST_REGR_ID, FRST_REG_DTM, LST_MDFR_ID, LST_MDF_DTM ) VALUES('TC0001', 'DX-T0044', '스케줄 수정 화면', 'Y', 'ADMIN', clock_timestamp(), 'ADMIN', clock_timestamp());
INSERT INTO T_SYSDTL_C(GRP_CD, SYS_CD, SYS_CD_NM, USE_YN, FRST_REGR_ID, FRST_REG_DTM, LST_MDFR_ID, LST_MDF_DTM ) VALUES('TC0001', 'DX-T0044_01', '스케줄 수정', 'Y', 'ADMIN', clock_timestamp(), 'ADMIN', clock_timestamp());
INSERT INTO T_SYSDTL_C(GRP_CD, SYS_CD, SYS_CD_NM, USE_YN, FRST_REGR_ID, FRST_REG_DTM, LST_MDFR_ID, LST_MDF_DTM ) VALUES('TC0001', 'DX-T0045', '스케줄 관리 화면', 'Y', 'ADMIN', clock_timestamp(), 'ADMIN', clock_timestamp());
INSERT INTO T_SYSDTL_C(GRP_CD, SYS_CD, SYS_CD_NM, USE_YN, FRST_REGR_ID, FRST_REG_DTM, LST_MDFR_ID, LST_MDF_DTM ) VALUES('TC0001', 'DX-T0045_01', '스케줄 조회', 'Y', 'ADMIN', clock_timestamp(), 'ADMIN', clock_timestamp());
INSERT INTO T_SYSDTL_C(GRP_CD, SYS_CD, SYS_CD_NM, USE_YN, FRST_REGR_ID, FRST_REG_DTM, LST_MDFR_ID, LST_MDF_DTM ) VALUES('TC0001', 'DX-T0046', '스케줄 수행이력 화면', 'Y', 'ADMIN', clock_timestamp(), 'ADMIN', clock_timestamp());
INSERT INTO T_SYSDTL_C(GRP_CD, SYS_CD, SYS_CD_NM, USE_YN, FRST_REGR_ID, FRST_REG_DTM, LST_MDFR_ID, LST_MDF_DTM ) VALUES('TC0001', 'DX-T0046_01', '스케줄 수행이력 조회', 'Y', 'ADMIN', clock_timestamp(), 'ADMIN', clock_timestamp());
INSERT INTO T_SYSDTL_C(GRP_CD, SYS_CD, SYS_CD_NM, USE_YN, FRST_REGR_ID, FRST_REG_DTM, LST_MDFR_ID, LST_MDF_DTM ) VALUES('TC0001', 'DX-T0047', '스케줄 수행이력 실패화면', 'Y', 'ADMIN', clock_timestamp(), 'ADMIN', clock_timestamp());
INSERT INTO T_SYSDTL_C(GRP_CD, SYS_CD, SYS_CD_NM, USE_YN, FRST_REGR_ID, FRST_REG_DTM, LST_MDFR_ID, LST_MDF_DTM ) VALUES('TC0001', 'DX-T0048', '사용자정보관리 화면', 'Y', 'ADMIN', clock_timestamp(), 'ADMIN', clock_timestamp());
INSERT INTO T_SYSDTL_C(GRP_CD, SYS_CD, SYS_CD_NM, USE_YN, FRST_REGR_ID, FRST_REG_DTM, LST_MDFR_ID, LST_MDF_DTM ) VALUES('TC0001', 'DX-T0048_01', '사용자정보 저장', 'Y', 'ADMIN', clock_timestamp(), 'ADMIN', clock_timestamp());
INSERT INTO T_SYSDTL_C(GRP_CD, SYS_CD, SYS_CD_NM, USE_YN, FRST_REGR_ID, FRST_REG_DTM, LST_MDFR_ID, LST_MDF_DTM ) VALUES('TC0001', 'DX-T0049', '패스워드변경 팝업', 'Y', 'ADMIN', clock_timestamp(), 'ADMIN', clock_timestamp());
INSERT INTO T_SYSDTL_C(GRP_CD, SYS_CD, SYS_CD_NM, USE_YN, FRST_REGR_ID, FRST_REG_DTM, LST_MDFR_ID, LST_MDF_DTM ) VALUES('TC0001', 'DX-T0049_01', '패스워드변경', 'Y', 'ADMIN', clock_timestamp(), 'ADMIN', clock_timestamp());
INSERT INTO T_SYSDTL_C(GRP_CD, SYS_CD, SYS_CD_NM, USE_YN, FRST_REGR_ID, FRST_REG_DTM, LST_MDFR_ID, LST_MDF_DTM ) VALUES('TC0001', 'DX-T0050', 'My스케줄 관리 화면', 'Y', 'ADMIN', clock_timestamp(), 'ADMIN', clock_timestamp());
INSERT INTO T_SYSDTL_C(GRP_CD, SYS_CD, SYS_CD_NM, USE_YN, FRST_REGR_ID, FRST_REG_DTM, LST_MDFR_ID, LST_MDF_DTM ) VALUES('TC0001', 'DX-T0050_01', 'My스케줄 조회', 'Y', 'ADMIN', clock_timestamp(), 'ADMIN', clock_timestamp());
INSERT INTO T_SYSDTL_C(GRP_CD, SYS_CD, SYS_CD_NM, USE_YN, FRST_REGR_ID, FRST_REG_DTM, LST_MDFR_ID, LST_MDF_DTM ) VALUES('TC0001', 'DX-T0050_02', 'My스케줄 삭제', 'Y', 'ADMIN', clock_timestamp(), 'ADMIN', clock_timestamp());
INSERT INTO T_SYSDTL_C(GRP_CD, SYS_CD, SYS_CD_NM, USE_YN, FRST_REGR_ID, FRST_REG_DTM, LST_MDFR_ID, LST_MDF_DTM ) VALUES('TC0001', 'DX-T0050_03', 'My스케줄 실행', 'Y', 'ADMIN', clock_timestamp(), 'ADMIN', clock_timestamp());
INSERT INTO T_SYSDTL_C(GRP_CD, SYS_CD, SYS_CD_NM, USE_YN, FRST_REGR_ID, FRST_REG_DTM, LST_MDFR_ID, LST_MDF_DTM ) VALUES('TC0001', 'DX-T0050_04', 'My스케줄 정지', 'Y', 'ADMIN', clock_timestamp(), 'ADMIN', clock_timestamp());
INSERT INTO T_SYSDTL_C(GRP_CD, SYS_CD, SYS_CD_NM, USE_YN, FRST_REGR_ID, FRST_REG_DTM, LST_MDFR_ID, LST_MDF_DTM ) VALUES('TC0001', 'DX-T0051', '백업스케줄러 화면', 'Y', 'ADMIN', clock_timestamp(), 'ADMIN', clock_timestamp());
INSERT INTO T_SYSDTL_C(GRP_CD, SYS_CD, SYS_CD_NM, USE_YN, FRST_REGR_ID, FRST_REG_DTM, LST_MDFR_ID, LST_MDF_DTM ) VALUES('TC0001', 'DX-T0052', '백업스케줄러 등록 팝업', 'Y', 'ADMIN', clock_timestamp(), 'ADMIN', clock_timestamp());
INSERT INTO T_SYSDTL_C(GRP_CD, SYS_CD, SYS_CD_NM, USE_YN, FRST_REGR_ID, FRST_REG_DTM, LST_MDFR_ID, LST_MDF_DTM ) VALUES('TC0001', 'DX-T0053', 'Online Help', 'Y', 'ADMIN', clock_timestamp(), 'ADMIN', clock_timestamp());
INSERT INTO T_SYSDTL_C(GRP_CD, SYS_CD, SYS_CD_NM, USE_YN, FRST_REGR_ID, FRST_REG_DTM, LST_MDFR_ID, LST_MDF_DTM ) VALUES('TC0001', 'DX-T0054', 'About eXperDB', 'Y', 'ADMIN', clock_timestamp(), 'ADMIN', clock_timestamp());
INSERT INTO T_SYSDTL_C(GRP_CD, SYS_CD, SYS_CD_NM, USE_YN, FRST_REGR_ID, FRST_REG_DTM, LST_MDFR_ID, LST_MDF_DTM ) VALUES('TC0001', 'DX-T0055', 'Dashboard', 'Y', 'ADMIN', clock_timestamp(), 'ADMIN', clock_timestamp());
INSERT INTO T_SYSDTL_C(GRP_CD, SYS_CD, SYS_CD_NM, USE_YN, FRST_REGR_ID, FRST_REG_DTM, LST_MDFR_ID, LST_MDF_DTM ) VALUES('TC0001', 'DX-T0073', '서버정보 화면', 'Y', 'ADMIN', clock_timestamp(), 'ADMIN', clock_timestamp());


INSERT INTO T_SYSDTL_C(GRP_CD, SYS_CD, SYS_CD_NM, USE_YN, FRST_REGR_ID, FRST_REG_DTM, LST_MDFR_ID, LST_MDF_DTM ) VALUES('TC0001', 'DX-T0101', '보안정책관리 화면', 'Y', 'ADMIN', clock_timestamp(), 'ADMIN', clock_timestamp());
INSERT INTO T_SYSDTL_C(GRP_CD, SYS_CD, SYS_CD_NM, USE_YN, FRST_REGR_ID, FRST_REG_DTM, LST_MDFR_ID, LST_MDF_DTM ) VALUES('TC0001', 'DX-T0101_01', '보안정책관리 조회', 'Y', 'ADMIN', clock_timestamp(), 'ADMIN', clock_timestamp());
INSERT INTO T_SYSDTL_C(GRP_CD, SYS_CD, SYS_CD_NM, USE_YN, FRST_REGR_ID, FRST_REG_DTM, LST_MDFR_ID, LST_MDF_DTM ) VALUES('TC0001', 'DX-T0101_02', '보안정책관리 삭제', 'Y', 'ADMIN', clock_timestamp(), 'ADMIN', clock_timestamp());
INSERT INTO T_SYSDTL_C(GRP_CD, SYS_CD, SYS_CD_NM, USE_YN, FRST_REGR_ID, FRST_REG_DTM, LST_MDFR_ID, LST_MDF_DTM ) VALUES('TC0001', 'DX-T0102', '보안정책관리 등록 화면', 'Y', 'ADMIN', clock_timestamp(), 'ADMIN', clock_timestamp());
INSERT INTO T_SYSDTL_C(GRP_CD, SYS_CD, SYS_CD_NM, USE_YN, FRST_REGR_ID, FRST_REG_DTM, LST_MDFR_ID, LST_MDF_DTM ) VALUES('TC0001', 'DX-T0102_01', '보안정책관리 등록', 'Y', 'ADMIN', clock_timestamp(), 'ADMIN', clock_timestamp());
INSERT INTO T_SYSDTL_C(GRP_CD, SYS_CD, SYS_CD_NM, USE_YN, FRST_REGR_ID, FRST_REG_DTM, LST_MDFR_ID, LST_MDF_DTM ) VALUES('TC0001', 'DX-T0103', '암복호화정책추가 팝업', 'Y', 'ADMIN', clock_timestamp(), 'ADMIN', clock_timestamp());
INSERT INTO T_SYSDTL_C(GRP_CD, SYS_CD, SYS_CD_NM, USE_YN, FRST_REGR_ID, FRST_REG_DTM, LST_MDFR_ID, LST_MDF_DTM ) VALUES('TC0001', 'DX-T0104', '접근제어정책추가 팝업', 'Y', 'ADMIN', clock_timestamp(), 'ADMIN', clock_timestamp());
INSERT INTO T_SYSDTL_C(GRP_CD, SYS_CD, SYS_CD_NM, USE_YN, FRST_REGR_ID, FRST_REG_DTM, LST_MDFR_ID, LST_MDF_DTM ) VALUES('TC0001', 'DX-T0105', '보안정책관리 수정 화면', 'Y', 'ADMIN', clock_timestamp(), 'ADMIN', clock_timestamp());
INSERT INTO T_SYSDTL_C(GRP_CD, SYS_CD, SYS_CD_NM, USE_YN, FRST_REGR_ID, FRST_REG_DTM, LST_MDFR_ID, LST_MDF_DTM ) VALUES('TC0001', 'DX-T0105_01', '보안정책관리 수정', 'Y', 'ADMIN', clock_timestamp(), 'ADMIN', clock_timestamp());
INSERT INTO T_SYSDTL_C(GRP_CD, SYS_CD, SYS_CD_NM, USE_YN, FRST_REGR_ID, FRST_REG_DTM, LST_MDFR_ID, LST_MDF_DTM ) VALUES('TC0001', 'DX-T0106', '암호화 키 관리 화면', 'Y', 'ADMIN', clock_timestamp(), 'ADMIN', clock_timestamp());
INSERT INTO T_SYSDTL_C(GRP_CD, SYS_CD, SYS_CD_NM, USE_YN, FRST_REGR_ID, FRST_REG_DTM, LST_MDFR_ID, LST_MDF_DTM ) VALUES('TC0001', 'DX-T0106_01', '암호화 키 관리 조회', 'Y', 'ADMIN', clock_timestamp(), 'ADMIN', clock_timestamp());
INSERT INTO T_SYSDTL_C(GRP_CD, SYS_CD, SYS_CD_NM, USE_YN, FRST_REGR_ID, FRST_REG_DTM, LST_MDFR_ID, LST_MDF_DTM ) VALUES('TC0001', 'DX-T0106_02', '암호화 키 관리 삭제', 'Y', 'ADMIN', clock_timestamp(), 'ADMIN', clock_timestamp());
INSERT INTO T_SYSDTL_C(GRP_CD, SYS_CD, SYS_CD_NM, USE_YN, FRST_REGR_ID, FRST_REG_DTM, LST_MDFR_ID, LST_MDF_DTM ) VALUES('TC0001', 'DX-T0107', '암호화 키 등록 팝업', 'Y', 'ADMIN', clock_timestamp(), 'ADMIN', clock_timestamp());
INSERT INTO T_SYSDTL_C(GRP_CD, SYS_CD, SYS_CD_NM, USE_YN, FRST_REGR_ID, FRST_REG_DTM, LST_MDFR_ID, LST_MDF_DTM ) VALUES('TC0001', 'DX-T0107_01', '암호화 키 등록', 'Y', 'ADMIN', clock_timestamp(), 'ADMIN', clock_timestamp());
INSERT INTO T_SYSDTL_C(GRP_CD, SYS_CD, SYS_CD_NM, USE_YN, FRST_REGR_ID, FRST_REG_DTM, LST_MDFR_ID, LST_MDF_DTM ) VALUES('TC0001', 'DX-T0108', '암호화 키 수정 팝업', 'Y', 'ADMIN', clock_timestamp(), 'ADMIN', clock_timestamp());
INSERT INTO T_SYSDTL_C(GRP_CD, SYS_CD, SYS_CD_NM, USE_YN, FRST_REGR_ID, FRST_REG_DTM, LST_MDFR_ID, LST_MDF_DTM ) VALUES('TC0001', 'DX-T0108_01', '암호화 키 수정', 'Y', 'ADMIN', clock_timestamp(), 'ADMIN', clock_timestamp());
INSERT INTO T_SYSDTL_C(GRP_CD, SYS_CD, SYS_CD_NM, USE_YN, FRST_REGR_ID, FRST_REG_DTM, LST_MDFR_ID, LST_MDF_DTM ) VALUES('TC0001', 'DX-T0110', '암복호화 화면', 'Y', 'ADMIN', clock_timestamp(), 'ADMIN', clock_timestamp());
INSERT INTO T_SYSDTL_C(GRP_CD, SYS_CD, SYS_CD_NM, USE_YN, FRST_REGR_ID, FRST_REG_DTM, LST_MDFR_ID, LST_MDF_DTM ) VALUES('TC0001', 'DX-T0110_01', '암복호화 조회', 'Y', 'ADMIN', clock_timestamp(), 'ADMIN', clock_timestamp());
INSERT INTO T_SYSDTL_C(GRP_CD, SYS_CD, SYS_CD_NM, USE_YN, FRST_REGR_ID, FRST_REG_DTM, LST_MDFR_ID, LST_MDF_DTM ) VALUES('TC0001', 'DX-T0111', '관리서버 화면', 'Y', 'ADMIN', clock_timestamp(), 'ADMIN', clock_timestamp());
INSERT INTO T_SYSDTL_C(GRP_CD, SYS_CD, SYS_CD_NM, USE_YN, FRST_REGR_ID, FRST_REG_DTM, LST_MDFR_ID, LST_MDF_DTM ) VALUES('TC0001', 'DX-T0111_01', '관리서버 조회', 'Y', 'ADMIN', clock_timestamp(), 'ADMIN', clock_timestamp());
INSERT INTO T_SYSDTL_C(GRP_CD, SYS_CD, SYS_CD_NM, USE_YN, FRST_REGR_ID, FRST_REG_DTM, LST_MDFR_ID, LST_MDF_DTM ) VALUES('TC0001', 'DX-T0112', '관리서버 상세보기 팝업', 'Y', 'ADMIN', clock_timestamp(), 'ADMIN', clock_timestamp());
INSERT INTO T_SYSDTL_C(GRP_CD, SYS_CD, SYS_CD_NM, USE_YN, FRST_REGR_ID, FRST_REG_DTM, LST_MDFR_ID, LST_MDF_DTM ) VALUES('TC0001', 'DX-T0113', '암호화키 화면', 'Y', 'ADMIN', clock_timestamp(), 'ADMIN', clock_timestamp());
INSERT INTO T_SYSDTL_C(GRP_CD, SYS_CD, SYS_CD_NM, USE_YN, FRST_REGR_ID, FRST_REG_DTM, LST_MDFR_ID, LST_MDF_DTM ) VALUES('TC0001', 'DX-T0113_01', '암호화키 조회', 'Y', 'ADMIN', clock_timestamp(), 'ADMIN', clock_timestamp());
INSERT INTO T_SYSDTL_C(GRP_CD, SYS_CD, SYS_CD_NM, USE_YN, FRST_REGR_ID, FRST_REG_DTM, LST_MDFR_ID, LST_MDF_DTM ) VALUES('TC0001', 'DX-T0114', '암호화키 상세보기 팝업', 'Y', 'ADMIN', clock_timestamp(), 'ADMIN', clock_timestamp());
INSERT INTO T_SYSDTL_C(GRP_CD, SYS_CD, SYS_CD_NM, USE_YN, FRST_REGR_ID, FRST_REG_DTM, LST_MDFR_ID, LST_MDF_DTM ) VALUES('TC0001', 'DX-T0115', '보안정책옵션설정 화면', 'Y', 'ADMIN', clock_timestamp(), 'ADMIN', clock_timestamp());
INSERT INTO T_SYSDTL_C(GRP_CD, SYS_CD, SYS_CD_NM, USE_YN, FRST_REGR_ID, FRST_REG_DTM, LST_MDFR_ID, LST_MDF_DTM ) VALUES('TC0001', 'DX-T0115_01', '보안정책옵션설정 저장', 'Y', 'ADMIN', clock_timestamp(), 'ADMIN', clock_timestamp());
INSERT INTO T_SYSDTL_C(GRP_CD, SYS_CD, SYS_CD_NM, USE_YN, FRST_REGR_ID, FRST_REG_DTM, LST_MDFR_ID, LST_MDF_DTM ) VALUES('TC0001', 'DX-T0117', '암호화 설정 화면', 'Y', 'ADMIN', clock_timestamp(), 'ADMIN', clock_timestamp());
INSERT INTO T_SYSDTL_C(GRP_CD, SYS_CD, SYS_CD_NM, USE_YN, FRST_REGR_ID, FRST_REG_DTM, LST_MDFR_ID, LST_MDF_DTM ) VALUES('TC0001', 'DX-T0117_01', '암호화 설정 저장', 'Y', 'ADMIN', clock_timestamp(), 'ADMIN', clock_timestamp());
INSERT INTO T_SYSDTL_C(GRP_CD, SYS_CD, SYS_CD_NM, USE_YN, FRST_REGR_ID, FRST_REG_DTM, LST_MDFR_ID, LST_MDF_DTM ) VALUES('TC0001', 'DX-T0118', '암호화 에이전트설정 화면', 'Y', 'ADMIN', clock_timestamp(), 'ADMIN', clock_timestamp());
INSERT INTO T_SYSDTL_C(GRP_CD, SYS_CD, SYS_CD_NM, USE_YN, FRST_REGR_ID, FRST_REG_DTM, LST_MDFR_ID, LST_MDF_DTM ) VALUES('TC0001', 'DX-T0119', '암호화 에이전트설정 수정 팝업', 'Y', 'ADMIN', clock_timestamp(), 'ADMIN', clock_timestamp());
INSERT INTO T_SYSDTL_C(GRP_CD, SYS_CD, SYS_CD_NM, USE_YN, FRST_REGR_ID, FRST_REG_DTM, LST_MDFR_ID, LST_MDF_DTM ) VALUES('TC0001', 'DX-T0119_01', '암호화 에이전트설정 수정', 'Y', 'ADMIN', clock_timestamp(), 'ADMIN', clock_timestamp());
INSERT INTO T_SYSDTL_C(GRP_CD, SYS_CD, SYS_CD_NM, USE_YN, FRST_REGR_ID, FRST_REG_DTM, LST_MDFR_ID, LST_MDF_DTM ) VALUES('TC0001', 'DX-T0121', '서버 마스터키 암호 설정 화면', 'Y', 'ADMIN', clock_timestamp(), 'ADMIN', clock_timestamp());
INSERT INTO T_SYSDTL_C(GRP_CD, SYS_CD, SYS_CD_NM, USE_YN, FRST_REGR_ID, FRST_REG_DTM, LST_MDFR_ID, LST_MDF_DTM ) VALUES('TC0001', 'DX-T0121_01', '서버 마스터키 암호 설정 저장', 'Y', 'ADMIN', clock_timestamp(), 'ADMIN', clock_timestamp());
INSERT INTO T_SYSDTL_C(GRP_CD, SYS_CD, SYS_CD_NM, USE_YN, FRST_REGR_ID, FRST_REG_DTM, LST_MDFR_ID, LST_MDF_DTM ) VALUES('TC0001', 'DX-T0123', '암호화 에이전트 모니터링 화면', 'Y', 'ADMIN', clock_timestamp(), 'ADMIN', clock_timestamp());
INSERT INTO T_SYSDTL_C(GRP_CD, SYS_CD, SYS_CD_NM, USE_YN, FRST_REGR_ID, FRST_REG_DTM, LST_MDFR_ID, LST_MDF_DTM ) VALUES('TC0001', 'DX-T0123_01', '암호화 에이전트 새로고침', 'Y', 'ADMIN', clock_timestamp(), 'ADMIN', clock_timestamp());
INSERT INTO T_SYSDTL_C(GRP_CD, SYS_CD, SYS_CD_NM, USE_YN, FRST_REGR_ID, FRST_REG_DTM, LST_MDFR_ID, LST_MDF_DTM ) VALUES('TC0001', 'DX-T0123_02', '암호화 에이전트 삭제', 'Y', 'ADMIN', clock_timestamp(), 'ADMIN', clock_timestamp());
INSERT INTO T_SYSDTL_C(GRP_CD, SYS_CD, SYS_CD_NM, USE_YN, FRST_REGR_ID, FRST_REG_DTM, LST_MDFR_ID, LST_MDF_DTM ) VALUES('TC0001', 'DX-T0124', '암호화 통계 화면', 'Y', 'ADMIN', clock_timestamp(), 'ADMIN', clock_timestamp());
INSERT INTO T_SYSDTL_C(GRP_CD, SYS_CD, SYS_CD_NM, USE_YN, FRST_REGR_ID, FRST_REG_DTM, LST_MDFR_ID, LST_MDF_DTM ) VALUES('TC0001', 'DX-T0124_01', '암호화 통계 조회', 'Y', 'ADMIN', clock_timestamp(), 'ADMIN', clock_timestamp());

INSERT INTO T_SYSDTL_C(GRP_CD, SYS_CD, SYS_CD_NM, USE_YN, FRST_REGR_ID, FRST_REG_DTM, LST_MDFR_ID, LST_MDF_DTM ) VALUES('TC0001', 'DX-T0125', '스크립트설정 화면', 'Y', 'ADMIN', clock_timestamp(), 'ADMIN', clock_timestamp());
INSERT INTO T_SYSDTL_C(GRP_CD, SYS_CD, SYS_CD_NM, USE_YN, FRST_REGR_ID, FRST_REG_DTM, LST_MDFR_ID, LST_MDF_DTM ) VALUES('TC0001', 'DX-T0125_01', '스크립트설정 조회', 'Y', 'ADMIN', clock_timestamp(), 'ADMIN', clock_timestamp());
INSERT INTO T_SYSDTL_C(GRP_CD, SYS_CD, SYS_CD_NM, USE_YN, FRST_REGR_ID, FRST_REG_DTM, LST_MDFR_ID, LST_MDF_DTM ) VALUES('TC0001', 'DX-T0125_02', '스크립트설정 삭제', 'Y', 'ADMIN', clock_timestamp(), 'ADMIN', clock_timestamp());            
INSERT INTO T_SYSDTL_C(GRP_CD, SYS_CD, SYS_CD_NM, USE_YN, FRST_REGR_ID, FRST_REG_DTM, LST_MDFR_ID, LST_MDF_DTM ) VALUES('TC0001', 'DX-T0126', '스크립트설정 등록 팝업', 'Y', 'ADMIN', clock_timestamp(), 'ADMIN', clock_timestamp());	
INSERT INTO T_SYSDTL_C(GRP_CD, SYS_CD, SYS_CD_NM, USE_YN, FRST_REGR_ID, FRST_REG_DTM, LST_MDFR_ID, LST_MDF_DTM ) VALUES('TC0001', 'DX-T0126_01', '스크립트설정 등록', 'Y', 'ADMIN', clock_timestamp(), 'ADMIN', clock_timestamp());	
INSERT INTO T_SYSDTL_C(GRP_CD, SYS_CD, SYS_CD_NM, USE_YN, FRST_REGR_ID, FRST_REG_DTM, LST_MDFR_ID, LST_MDF_DTM ) VALUES('TC0001', 'DX-T0127', '스크립트설정 수정 팝업', 'Y', 'ADMIN', clock_timestamp(), 'ADMIN', clock_timestamp());	
INSERT INTO T_SYSDTL_C(GRP_CD, SYS_CD, SYS_CD_NM, USE_YN, FRST_REGR_ID, FRST_REG_DTM, LST_MDFR_ID, LST_MDF_DTM ) VALUES('TC0001', 'DX-T0127_01', '스크립트설정 수정', 'Y', 'ADMIN', clock_timestamp(), 'ADMIN', clock_timestamp());
INSERT INTO T_SYSDTL_C(GRP_CD, SYS_CD, SYS_CD_NM, USE_YN, FRST_REGR_ID, FRST_REG_DTM, LST_MDFR_ID, LST_MDF_DTM ) VALUES('TC0001', 'DX-T0128', '스크립트이력 화면', 'Y', 'ADMIN', clock_timestamp(), 'ADMIN', clock_timestamp());
INSERT INTO T_SYSDTL_C(GRP_CD, SYS_CD, SYS_CD_NM, USE_YN, FRST_REGR_ID, FRST_REG_DTM, LST_MDFR_ID, LST_MDF_DTM ) VALUES('TC0001', 'DX-T0128_01', '스크립트이력 조회', 'Y', 'ADMIN', clock_timestamp(), 'ADMIN', clock_timestamp());		

INSERT INTO T_SYSDTL_C(GRP_CD, SYS_CD, SYS_CD_NM, USE_YN, FRST_REGR_ID, FRST_REG_DTM, LST_MDFR_ID, LST_MDF_DTM ) VALUES('TC0001', 'DX-T0129', '긴급복원 화면', 'Y', 'ADMIN', clock_timestamp(), 'ADMIN', clock_timestamp());
INSERT INTO T_SYSDTL_C(GRP_CD, SYS_CD, SYS_CD_NM, USE_YN, FRST_REGR_ID, FRST_REG_DTM, LST_MDFR_ID, LST_MDF_DTM ) VALUES('TC0001', 'DX-T0129_01', '긴급복원 실행', 'Y', 'ADMIN', clock_timestamp(), 'ADMIN', clock_timestamp());
INSERT INTO T_SYSDTL_C(GRP_CD, SYS_CD, SYS_CD_NM, USE_YN, FRST_REGR_ID, FRST_REG_DTM, LST_MDFR_ID, LST_MDF_DTM ) VALUES('TC0001', 'DX-T0130', '시점복원 화면', 'Y', 'ADMIN', clock_timestamp(), 'ADMIN', clock_timestamp());
INSERT INTO T_SYSDTL_C(GRP_CD, SYS_CD, SYS_CD_NM, USE_YN, FRST_REGR_ID, FRST_REG_DTM, LST_MDFR_ID, LST_MDF_DTM ) VALUES('TC0001', 'DX-T0130_01', '시점복원 실행', 'Y', 'ADMIN', clock_timestamp(), 'ADMIN', clock_timestamp());
INSERT INTO T_SYSDTL_C(GRP_CD, SYS_CD, SYS_CD_NM, USE_YN, FRST_REGR_ID, FRST_REG_DTM, LST_MDFR_ID, LST_MDF_DTM ) VALUES('TC0001', 'DX-T0131', '덤프복원 화면', 'Y', 'ADMIN', clock_timestamp(), 'ADMIN', clock_timestamp());
INSERT INTO T_SYSDTL_C(GRP_CD, SYS_CD, SYS_CD_NM, USE_YN, FRST_REGR_ID, FRST_REG_DTM, LST_MDFR_ID, LST_MDF_DTM ) VALUES('TC0001', 'DX-T0131_01', '덤프복원 조회', 'Y', 'ADMIN', clock_timestamp(), 'ADMIN', clock_timestamp());
INSERT INTO T_SYSDTL_C(GRP_CD, SYS_CD, SYS_CD_NM, USE_YN, FRST_REGR_ID, FRST_REG_DTM, LST_MDFR_ID, LST_MDF_DTM ) VALUES('TC0001', 'DX-T0132', '덤프복원 등록 화면', 'Y', 'ADMIN', clock_timestamp(), 'ADMIN', clock_timestamp());
INSERT INTO T_SYSDTL_C(GRP_CD, SYS_CD, SYS_CD_NM, USE_YN, FRST_REGR_ID, FRST_REG_DTM, LST_MDFR_ID, LST_MDF_DTM ) VALUES('TC0001', 'DX-T0132_01', '덤프복원 실행', 'Y', 'ADMIN', clock_timestamp(), 'ADMIN', clock_timestamp());
INSERT INTO T_SYSDTL_C(GRP_CD, SYS_CD, SYS_CD_NM, USE_YN, FRST_REGR_ID, FRST_REG_DTM, LST_MDFR_ID, LST_MDF_DTM ) VALUES('TC0001', 'DX-T0133', '복원이력 화면', 'Y', 'ADMIN', clock_timestamp(), 'ADMIN', clock_timestamp());
INSERT INTO T_SYSDTL_C(GRP_CD, SYS_CD, SYS_CD_NM, USE_YN, FRST_REGR_ID, FRST_REG_DTM, LST_MDFR_ID, LST_MDF_DTM ) VALUES('TC0001', 'DX-T0133_01', '복원이력 조회', 'Y', 'ADMIN', clock_timestamp(), 'ADMIN', clock_timestamp());

INSERT INTO T_SYSDTL_C(GRP_CD, SYS_CD, SYS_CD_NM, USE_YN, FRST_REGR_ID, FRST_REG_DTM, LST_MDFR_ID, LST_MDF_DTM ) VALUES('TC0001', 'DX-T0134', '소스/타겟 DBMS 관리 화면', 'Y', 'ADMIN', clock_timestamp(), 'ADMIN', clock_timestamp());
INSERT INTO T_SYSDTL_C(GRP_CD, SYS_CD, SYS_CD_NM, USE_YN, FRST_REGR_ID, FRST_REG_DTM, LST_MDFR_ID, LST_MDF_DTM ) VALUES('TC0001', 'DX-T0134_01', '소스/타겟 DBMS 조회', 'Y', 'ADMIN', clock_timestamp(), 'ADMIN', clock_timestamp());
INSERT INTO T_SYSDTL_C(GRP_CD, SYS_CD, SYS_CD_NM, USE_YN, FRST_REGR_ID, FRST_REG_DTM, LST_MDFR_ID, LST_MDF_DTM ) VALUES('TC0001', 'DX-T0134_02', '소스/타겟 DBMS 삭제', 'Y', 'ADMIN', clock_timestamp(), 'ADMIN', clock_timestamp());
INSERT INTO T_SYSDTL_C(GRP_CD, SYS_CD, SYS_CD_NM, USE_YN, FRST_REGR_ID, FRST_REG_DTM, LST_MDFR_ID, LST_MDF_DTM ) VALUES('TC0001', 'DX-T0135', '소스/타겟 DBMS 등록 팝업', 'Y', 'ADMIN', clock_timestamp(), 'ADMIN', clock_timestamp());
INSERT INTO T_SYSDTL_C(GRP_CD, SYS_CD, SYS_CD_NM, USE_YN, FRST_REGR_ID, FRST_REG_DTM, LST_MDFR_ID, LST_MDF_DTM ) VALUES('TC0001', 'DX-T0135_01', '소스/타겟 DBMS 등록', 'Y', 'ADMIN', clock_timestamp(), 'ADMIN', clock_timestamp());
INSERT INTO T_SYSDTL_C(GRP_CD, SYS_CD, SYS_CD_NM, USE_YN, FRST_REGR_ID, FRST_REG_DTM, LST_MDFR_ID, LST_MDF_DTM ) VALUES('TC0001', 'DX-T0136', '소스/타겟 DBMS 수정 팝업', 'Y', 'ADMIN', clock_timestamp(), 'ADMIN', clock_timestamp());
INSERT INTO T_SYSDTL_C(GRP_CD, SYS_CD, SYS_CD_NM, USE_YN, FRST_REGR_ID, FRST_REG_DTM, LST_MDFR_ID, LST_MDF_DTM ) VALUES('TC0001', 'DX-T0136_01', '소스/타겟 DBMS 수정', 'Y', 'ADMIN', clock_timestamp(), 'ADMIN', clock_timestamp());
INSERT INTO T_SYSDTL_C(GRP_CD, SYS_CD, SYS_CD_NM, USE_YN, FRST_REGR_ID, FRST_REG_DTM, LST_MDFR_ID, LST_MDF_DTM ) VALUES('TC0001', 'DX-T0137', '설정정보관리 화면', 'Y', 'ADMIN', clock_timestamp(), 'ADMIN', clock_timestamp());
INSERT INTO T_SYSDTL_C(GRP_CD, SYS_CD, SYS_CD_NM, USE_YN, FRST_REGR_ID, FRST_REG_DTM, LST_MDFR_ID, LST_MDF_DTM ) VALUES('TC0001', 'DX-T0137_01', 'DDL 설정정보 조회', 'Y', 'ADMIN', clock_timestamp(), 'ADMIN', clock_timestamp());
INSERT INTO T_SYSDTL_C(GRP_CD, SYS_CD, SYS_CD_NM, USE_YN, FRST_REGR_ID, FRST_REG_DTM, LST_MDFR_ID, LST_MDF_DTM ) VALUES('TC0001', 'DX-T0137_02', 'DDL 설정정보 삭제', 'Y', 'ADMIN', clock_timestamp(), 'ADMIN', clock_timestamp());
INSERT INTO T_SYSDTL_C(GRP_CD, SYS_CD, SYS_CD_NM, USE_YN, FRST_REGR_ID, FRST_REG_DTM, LST_MDFR_ID, LST_MDF_DTM ) VALUES('TC0001', 'DX-T0137_03', 'DDL 설정정보 복제', 'Y', 'ADMIN', clock_timestamp(), 'ADMIN', clock_timestamp());
INSERT INTO T_SYSDTL_C(GRP_CD, SYS_CD, SYS_CD_NM, USE_YN, FRST_REGR_ID, FRST_REG_DTM, LST_MDFR_ID, LST_MDF_DTM ) VALUES('TC0001', 'DX-T0137_04', 'DDL 설정정보 즉시실행', 'Y', 'ADMIN', clock_timestamp(), 'ADMIN', clock_timestamp());
INSERT INTO T_SYSDTL_C(GRP_CD, SYS_CD, SYS_CD_NM, USE_YN, FRST_REGR_ID, FRST_REG_DTM, LST_MDFR_ID, LST_MDF_DTM ) VALUES('TC0001', 'DX-T0138', 'DDL 설정정보 등록 팝업', 'Y', 'ADMIN', clock_timestamp(), 'ADMIN', clock_timestamp());
INSERT INTO T_SYSDTL_C(GRP_CD, SYS_CD, SYS_CD_NM, USE_YN, FRST_REGR_ID, FRST_REG_DTM, LST_MDFR_ID, LST_MDF_DTM ) VALUES('TC0001', 'DX-T0138_01', 'DDL 설정정보 등록', 'Y', 'ADMIN', clock_timestamp(), 'ADMIN', clock_timestamp());
INSERT INTO T_SYSDTL_C(GRP_CD, SYS_CD, SYS_CD_NM, USE_YN, FRST_REGR_ID, FRST_REG_DTM, LST_MDFR_ID, LST_MDF_DTM ) VALUES('TC0001', 'DX-T0139', 'DDL 설정정보 수정 팝업', 'Y', 'ADMIN', clock_timestamp(), 'ADMIN', clock_timestamp());
INSERT INTO T_SYSDTL_C(GRP_CD, SYS_CD, SYS_CD_NM, USE_YN, FRST_REGR_ID, FRST_REG_DTM, LST_MDFR_ID, LST_MDF_DTM ) VALUES('TC0001', 'DX-T0139_01', 'DDL 설정정보 수정', 'Y', 'ADMIN', clock_timestamp(), 'ADMIN', clock_timestamp());
INSERT INTO T_SYSDTL_C(GRP_CD, SYS_CD, SYS_CD_NM, USE_YN, FRST_REGR_ID, FRST_REG_DTM, LST_MDFR_ID, LST_MDF_DTM ) VALUES('TC0001', 'DX-T0140_01', 'MIGRATION 설정정보 조회', 'Y', 'ADMIN', clock_timestamp(), 'ADMIN', clock_timestamp());
INSERT INTO T_SYSDTL_C(GRP_CD, SYS_CD, SYS_CD_NM, USE_YN, FRST_REGR_ID, FRST_REG_DTM, LST_MDFR_ID, LST_MDF_DTM ) VALUES('TC0001', 'DX-T0140_02', 'MIGRATION 설정정보 삭제', 'Y', 'ADMIN', clock_timestamp(), 'ADMIN', clock_timestamp());
INSERT INTO T_SYSDTL_C(GRP_CD, SYS_CD, SYS_CD_NM, USE_YN, FRST_REGR_ID, FRST_REG_DTM, LST_MDFR_ID, LST_MDF_DTM ) VALUES('TC0001', 'DX-T0140_03', 'MIGRATION 설정정보 복제', 'Y', 'ADMIN', clock_timestamp(), 'ADMIN', clock_timestamp());
INSERT INTO T_SYSDTL_C(GRP_CD, SYS_CD, SYS_CD_NM, USE_YN, FRST_REGR_ID, FRST_REG_DTM, LST_MDFR_ID, LST_MDF_DTM ) VALUES('TC0001', 'DX-T0140_04', 'MIGRATION 설정정보 즉시실행', 'Y', 'ADMIN', clock_timestamp(), 'ADMIN', clock_timestamp());
INSERT INTO T_SYSDTL_C(GRP_CD, SYS_CD, SYS_CD_NM, USE_YN, FRST_REGR_ID, FRST_REG_DTM, LST_MDFR_ID, LST_MDF_DTM ) VALUES('TC0001', 'DX-T0141', 'MIGRATION 설정정보 등록 팝업', 'Y', 'ADMIN', clock_timestamp(), 'ADMIN', clock_timestamp());
INSERT INTO T_SYSDTL_C(GRP_CD, SYS_CD, SYS_CD_NM, USE_YN, FRST_REGR_ID, FRST_REG_DTM, LST_MDFR_ID, LST_MDF_DTM ) VALUES('TC0001', 'DX-T0141_01', 'MIGRATION 설정정보 등록', 'Y', 'ADMIN', clock_timestamp(), 'ADMIN', clock_timestamp());
INSERT INTO T_SYSDTL_C(GRP_CD, SYS_CD, SYS_CD_NM, USE_YN, FRST_REGR_ID, FRST_REG_DTM, LST_MDFR_ID, LST_MDF_DTM ) VALUES('TC0001', 'DX-T0142', 'MIGRATION 설정정보 수정 팝업', 'Y', 'ADMIN', clock_timestamp(), 'ADMIN', clock_timestamp());
INSERT INTO T_SYSDTL_C(GRP_CD, SYS_CD, SYS_CD_NM, USE_YN, FRST_REGR_ID, FRST_REG_DTM, LST_MDFR_ID, LST_MDF_DTM ) VALUES('TC0001', 'DX-T0142_01', 'MIGRATION 설정정보 수정', 'Y', 'ADMIN', clock_timestamp(), 'ADMIN', clock_timestamp());
INSERT INTO T_SYSDTL_C(GRP_CD, SYS_CD, SYS_CD_NM, USE_YN, FRST_REGR_ID, FRST_REG_DTM, LST_MDFR_ID, LST_MDF_DTM ) VALUES('TC0001', 'DX-T0143', '수행이력 화면', 'Y', 'ADMIN', clock_timestamp(), 'ADMIN', clock_timestamp());
INSERT INTO T_SYSDTL_C(GRP_CD, SYS_CD, SYS_CD_NM, USE_YN, FRST_REGR_ID, FRST_REG_DTM, LST_MDFR_ID, LST_MDF_DTM ) VALUES('TC0001', 'DX-T0143_01', 'DDL 수행이력 조회', 'Y', 'ADMIN', clock_timestamp(), 'ADMIN', clock_timestamp());
INSERT INTO T_SYSDTL_C(GRP_CD, SYS_CD, SYS_CD_NM, USE_YN, FRST_REGR_ID, FRST_REG_DTM, LST_MDFR_ID, LST_MDF_DTM ) VALUES('TC0001', 'DX-T0143_02', 'Migration 수행이력 조회', 'Y', 'ADMIN', clock_timestamp(), 'ADMIN', clock_timestamp());
INSERT INTO T_SYSDTL_C(GRP_CD, SYS_CD, SYS_CD_NM, USE_YN, FRST_REGR_ID, FRST_REG_DTM, LST_MDFR_ID, LST_MDF_DTM ) VALUES('TC0001', 'DX-T0144', '소스 DBMS 시스템정보 팝업', 'Y', 'ADMIN', clock_timestamp(), 'ADMIN', clock_timestamp());
INSERT INTO T_SYSDTL_C(GRP_CD, SYS_CD, SYS_CD_NM, USE_YN, FRST_REGR_ID, FRST_REG_DTM, LST_MDFR_ID, LST_MDF_DTM ) VALUES('TC0001', 'DX-T0145', '타겟 DBMS 시스템정보 팝업', 'Y', 'ADMIN', clock_timestamp(), 'ADMIN', clock_timestamp());
INSERT INTO T_SYSDTL_C(GRP_CD, SYS_CD, SYS_CD_NM, USE_YN, FRST_REGR_ID, FRST_REG_DTM, LST_MDFR_ID, LST_MDF_DTM ) VALUES('TC0001', 'DX-T0146', '테이블정보 팝업', 'Y', 'ADMIN', clock_timestamp(), 'ADMIN', clock_timestamp());

INSERT into T_SYSDTL_C (grp_cd, sys_cd, sys_cd_nm, use_yn, frst_regr_id, frst_reg_dtm, lst_mdfr_id, lst_mdf_dtm) VALUES ('TC0001', 'DX-T0056', 'eXperDB_scale 화면', 'Y', 'ADMIN', clock_timestamp(), 'ADMIN', clock_timestamp());
INSERT into T_SYSDTL_C (grp_cd, sys_cd, sys_cd_nm, use_yn, frst_regr_id, frst_reg_dtm, lst_mdfr_id, lst_mdf_dtm) VALUES ('TC0001', 'DX-T0056_01', 'eXperDB_scale 화면 조회', 'Y', 'ADMIN', clock_timestamp(), 'ADMIN', clock_timestamp());
INSERT into T_SYSDTL_C (grp_cd, sys_cd, sys_cd_nm, use_yn, frst_regr_id, frst_reg_dtm, lst_mdfr_id, lst_mdf_dtm) VALUES ('TC0001', 'DX-T0056_02', 'eXperDB_scale Scale In', 'Y', 'ADMIN', clock_timestamp(), 'ADMIN', clock_timestamp());
INSERT into T_SYSDTL_C (grp_cd, sys_cd, sys_cd_nm, use_yn, frst_regr_id, frst_reg_dtm, lst_mdfr_id, lst_mdf_dtm) VALUES ('TC0001', 'DX-T0056_03', 'eXperDB_scale Scale Out', 'Y', 'ADMIN', clock_timestamp(), 'ADMIN', clock_timestamp());
INSERT into T_SYSDTL_C (grp_cd, sys_cd, sys_cd_nm, use_yn, frst_regr_id, frst_reg_dtm, lst_mdfr_id, lst_mdf_dtm) VALUES ('TC0001', 'DX-T0056_04', 'eXperDB_scale 상세 조회', 'Y', 'ADMIN', clock_timestamp(), 'ADMIN', clock_timestamp());
INSERT into T_SYSDTL_C (grp_cd, sys_cd, sys_cd_nm, use_yn, frst_regr_id, frst_reg_dtm, lst_mdfr_id, lst_mdf_dtm) VALUES ('TC0001', 'DX-T0056_05', 'eXperDB_scale 보안그룹 상세 조회', 'Y', 'ADMIN', clock_timestamp(), 'ADMIN', clock_timestamp());


INSERT into T_SYSDTL_C (grp_cd, sys_cd, sys_cd_nm, use_yn, frst_regr_id, frst_reg_dtm, lst_mdfr_id, lst_mdf_dtm) VALUES ('TC0001', 'DX-T0057', 'eXperDB_scale 이력 화면', 'Y', 'ADMIN', clock_timestamp(), 'ADMIN', clock_timestamp());
INSERT into T_SYSDTL_C (grp_cd, sys_cd, sys_cd_nm, use_yn, frst_regr_id, frst_reg_dtm, lst_mdfr_id, lst_mdf_dtm) VALUES ('TC0001', 'DX-T0057_01', 'eXperDB_scale 실행이력 조회', 'Y', 'ADMIN', clock_timestamp(), 'ADMIN', clock_timestamp());
INSERT into T_SYSDTL_C (grp_cd, sys_cd, sys_cd_nm, use_yn, frst_regr_id, frst_reg_dtm, lst_mdfr_id, lst_mdf_dtm) VALUES ('TC0001', 'DX-T0057_02', 'eXperDB_scale auto 발생이력 조회', 'Y', 'ADMIN', clock_timestamp(), 'ADMIN', clock_timestamp());


INSERT INTO T_SYSDTL_C(GRP_CD, SYS_CD, SYS_CD_NM, USE_YN, FRST_REGR_ID, FRST_REG_DTM, LST_MDFR_ID, LST_MDF_DTM ) VALUES('TC0002', 'TC000201', 'Online백업', 'Y', 'ADMIN', clock_timestamp(), 'ADMIN', clock_timestamp());
INSERT INTO T_SYSDTL_C(GRP_CD, SYS_CD, SYS_CD_NM, USE_YN, FRST_REGR_ID, FRST_REG_DTM, LST_MDFR_ID, LST_MDF_DTM ) VALUES('TC0002', 'TC000202', 'Dump백업', 'Y', 'ADMIN', clock_timestamp(), 'ADMIN', clock_timestamp());
INSERT INTO T_SYSDTL_C(GRP_CD, SYS_CD, SYS_CD_NM, USE_YN, FRST_REGR_ID, FRST_REG_DTM, LST_MDFR_ID, LST_MDF_DTM ) VALUES('TC0003', 'TC000301', 'FULL', 'Y', 'ADMIN', clock_timestamp(), 'ADMIN', clock_timestamp());
INSERT INTO T_SYSDTL_C(GRP_CD, SYS_CD, SYS_CD_NM, USE_YN, FRST_REGR_ID, FRST_REG_DTM, LST_MDFR_ID, LST_MDF_DTM ) VALUES('TC0003', 'TC000302', 'incremental', 'Y', 'ADMIN', clock_timestamp(), 'ADMIN', clock_timestamp());
INSERT INTO T_SYSDTL_C(GRP_CD, SYS_CD, SYS_CD_NM, USE_YN, FRST_REGR_ID, FRST_REG_DTM, LST_MDFR_ID, LST_MDF_DTM ) VALUES('TC0003', 'TC000303', 'archive ', 'Y', 'ADMIN', clock_timestamp(), 'ADMIN', clock_timestamp());
INSERT INTO T_SYSDTL_C(GRP_CD, SYS_CD, SYS_CD_NM, USE_YN, FRST_REGR_ID, FRST_REG_DTM, LST_MDFR_ID, LST_MDF_DTM ) VALUES('TC0004', 'TC000401', 'tar', 'Y', 'ADMIN', clock_timestamp(), 'ADMIN', clock_timestamp());
INSERT INTO T_SYSDTL_C(GRP_CD, SYS_CD, SYS_CD_NM, USE_YN, FRST_REGR_ID, FRST_REG_DTM, LST_MDFR_ID, LST_MDF_DTM ) VALUES('TC0004', 'TC000402', 'plain', 'Y', 'ADMIN', clock_timestamp(), 'ADMIN', clock_timestamp());
INSERT INTO T_SYSDTL_C(GRP_CD, SYS_CD, SYS_CD_NM, USE_YN, FRST_REGR_ID, FRST_REG_DTM, LST_MDFR_ID, LST_MDF_DTM ) VALUES('TC0004', 'TC000403', 'directory', 'Y', 'ADMIN', clock_timestamp(), 'ADMIN', clock_timestamp());
INSERT INTO T_SYSDTL_C(GRP_CD, SYS_CD, SYS_CD_NM, USE_YN, FRST_REGR_ID, FRST_REG_DTM, LST_MDFR_ID, LST_MDF_DTM ) VALUES('TC0004', 'TC000404', 'custom', 'Y', 'ADMIN', clock_timestamp(), 'ADMIN', clock_timestamp());
INSERT INTO T_SYSDTL_C(GRP_CD, SYS_CD, SYS_CD_NM, USE_YN, FRST_REGR_ID, FRST_REG_DTM, LST_MDFR_ID, LST_MDF_DTM ) VALUES('TC0005', 'TC000501', 'SQL_ASCII', 'Y', 'ADMIN', clock_timestamp(), 'ADMIN', clock_timestamp());
INSERT INTO T_SYSDTL_C(GRP_CD, SYS_CD, SYS_CD_NM, USE_YN, FRST_REGR_ID, FRST_REG_DTM, LST_MDFR_ID, LST_MDF_DTM ) VALUES('TC0005', 'TC000502', 'EUC_JP', 'Y', 'ADMIN', clock_timestamp(), 'ADMIN', clock_timestamp());
INSERT INTO T_SYSDTL_C(GRP_CD, SYS_CD, SYS_CD_NM, USE_YN, FRST_REGR_ID, FRST_REG_DTM, LST_MDFR_ID, LST_MDF_DTM ) VALUES('TC0005', 'TC000503', 'EUC_CN', 'Y', 'ADMIN', clock_timestamp(), 'ADMIN', clock_timestamp());
INSERT INTO T_SYSDTL_C(GRP_CD, SYS_CD, SYS_CD_NM, USE_YN, FRST_REGR_ID, FRST_REG_DTM, LST_MDFR_ID, LST_MDF_DTM ) VALUES('TC0005', 'TC000504', 'EUC_KR', 'Y', 'ADMIN', clock_timestamp(), 'ADMIN', clock_timestamp());
INSERT INTO T_SYSDTL_C(GRP_CD, SYS_CD, SYS_CD_NM, USE_YN, FRST_REGR_ID, FRST_REG_DTM, LST_MDFR_ID, LST_MDF_DTM ) VALUES('TC0005', 'TC000505', 'EUC_TW', 'Y', 'ADMIN', clock_timestamp(), 'ADMIN', clock_timestamp());
INSERT INTO T_SYSDTL_C(GRP_CD, SYS_CD, SYS_CD_NM, USE_YN, FRST_REGR_ID, FRST_REG_DTM, LST_MDFR_ID, LST_MDF_DTM ) VALUES('TC0005', 'TC000506', 'EUC_JIS_2004', 'Y', 'ADMIN', clock_timestamp(), 'ADMIN', clock_timestamp());
INSERT INTO T_SYSDTL_C(GRP_CD, SYS_CD, SYS_CD_NM, USE_YN, FRST_REGR_ID, FRST_REG_DTM, LST_MDFR_ID, LST_MDF_DTM ) VALUES('TC0005', 'TC000507', 'UTF8', 'Y', 'ADMIN', clock_timestamp(), 'ADMIN', clock_timestamp());
INSERT INTO T_SYSDTL_C(GRP_CD, SYS_CD, SYS_CD_NM, USE_YN, FRST_REGR_ID, FRST_REG_DTM, LST_MDFR_ID, LST_MDF_DTM ) VALUES('TC0005', 'TC000508', 'MULE_INTERNAL', 'Y', 'ADMIN', clock_timestamp(), 'ADMIN', clock_timestamp());
INSERT INTO T_SYSDTL_C(GRP_CD, SYS_CD, SYS_CD_NM, USE_YN, FRST_REGR_ID, FRST_REG_DTM, LST_MDFR_ID, LST_MDF_DTM ) VALUES('TC0005', 'TC000509', 'LATIN1', 'Y', 'ADMIN', clock_timestamp(), 'ADMIN', clock_timestamp());
INSERT INTO T_SYSDTL_C(GRP_CD, SYS_CD, SYS_CD_NM, USE_YN, FRST_REGR_ID, FRST_REG_DTM, LST_MDFR_ID, LST_MDF_DTM ) VALUES('TC0005', 'TC000510', 'LATIN2', 'Y', 'ADMIN', clock_timestamp(), 'ADMIN', clock_timestamp());
INSERT INTO T_SYSDTL_C(GRP_CD, SYS_CD, SYS_CD_NM, USE_YN, FRST_REGR_ID, FRST_REG_DTM, LST_MDFR_ID, LST_MDF_DTM ) VALUES('TC0005', 'TC000511', 'LATIN3', 'Y', 'ADMIN', clock_timestamp(), 'ADMIN', clock_timestamp());
INSERT INTO T_SYSDTL_C(GRP_CD, SYS_CD, SYS_CD_NM, USE_YN, FRST_REGR_ID, FRST_REG_DTM, LST_MDFR_ID, LST_MDF_DTM ) VALUES('TC0005', 'TC000512', 'LATIN4', 'Y', 'ADMIN', clock_timestamp(), 'ADMIN', clock_timestamp());
INSERT INTO T_SYSDTL_C(GRP_CD, SYS_CD, SYS_CD_NM, USE_YN, FRST_REGR_ID, FRST_REG_DTM, LST_MDFR_ID, LST_MDF_DTM ) VALUES('TC0005', 'TC000513', 'LATIN5', 'Y', 'ADMIN', clock_timestamp(), 'ADMIN', clock_timestamp());
INSERT INTO T_SYSDTL_C(GRP_CD, SYS_CD, SYS_CD_NM, USE_YN, FRST_REGR_ID, FRST_REG_DTM, LST_MDFR_ID, LST_MDF_DTM ) VALUES('TC0005', 'TC000514', 'LATIN6', 'Y', 'ADMIN', clock_timestamp(), 'ADMIN', clock_timestamp());
INSERT INTO T_SYSDTL_C(GRP_CD, SYS_CD, SYS_CD_NM, USE_YN, FRST_REGR_ID, FRST_REG_DTM, LST_MDFR_ID, LST_MDF_DTM ) VALUES('TC0005', 'TC000515', 'LATIN7', 'Y', 'ADMIN', clock_timestamp(), 'ADMIN', clock_timestamp());
INSERT INTO T_SYSDTL_C(GRP_CD, SYS_CD, SYS_CD_NM, USE_YN, FRST_REGR_ID, FRST_REG_DTM, LST_MDFR_ID, LST_MDF_DTM ) VALUES('TC0005', 'TC000516', 'LATIN8', 'Y', 'ADMIN', clock_timestamp(), 'ADMIN', clock_timestamp());
INSERT INTO T_SYSDTL_C(GRP_CD, SYS_CD, SYS_CD_NM, USE_YN, FRST_REGR_ID, FRST_REG_DTM, LST_MDFR_ID, LST_MDF_DTM ) VALUES('TC0005', 'TC000517', 'LATIN9', 'Y', 'ADMIN', clock_timestamp(), 'ADMIN', clock_timestamp());
INSERT INTO T_SYSDTL_C(GRP_CD, SYS_CD, SYS_CD_NM, USE_YN, FRST_REGR_ID, FRST_REG_DTM, LST_MDFR_ID, LST_MDF_DTM ) VALUES('TC0005', 'TC000518', 'LATIN10', 'Y', 'ADMIN', clock_timestamp(), 'ADMIN', clock_timestamp());
INSERT INTO T_SYSDTL_C(GRP_CD, SYS_CD, SYS_CD_NM, USE_YN, FRST_REGR_ID, FRST_REG_DTM, LST_MDFR_ID, LST_MDF_DTM ) VALUES('TC0005', 'TC000519', 'WIN1256', 'Y', 'ADMIN', clock_timestamp(), 'ADMIN', clock_timestamp());
INSERT INTO T_SYSDTL_C(GRP_CD, SYS_CD, SYS_CD_NM, USE_YN, FRST_REGR_ID, FRST_REG_DTM, LST_MDFR_ID, LST_MDF_DTM ) VALUES('TC0005', 'TC000520', 'WIN866', 'Y', 'ADMIN', clock_timestamp(), 'ADMIN', clock_timestamp());
INSERT INTO T_SYSDTL_C(GRP_CD, SYS_CD, SYS_CD_NM, USE_YN, FRST_REGR_ID, FRST_REG_DTM, LST_MDFR_ID, LST_MDF_DTM ) VALUES('TC0005', 'TC000521', 'WIN874', 'Y', 'ADMIN', clock_timestamp(), 'ADMIN', clock_timestamp());
INSERT INTO T_SYSDTL_C(GRP_CD, SYS_CD, SYS_CD_NM, USE_YN, FRST_REGR_ID, FRST_REG_DTM, LST_MDFR_ID, LST_MDF_DTM ) VALUES('TC0005', 'TC000522', 'KOI8R', 'Y', 'ADMIN', clock_timestamp(), 'ADMIN', clock_timestamp());
INSERT INTO T_SYSDTL_C(GRP_CD, SYS_CD, SYS_CD_NM, USE_YN, FRST_REGR_ID, FRST_REG_DTM, LST_MDFR_ID, LST_MDF_DTM ) VALUES('TC0005', 'TC000523', 'WIN1251', 'Y', 'ADMIN', clock_timestamp(), 'ADMIN', clock_timestamp());
INSERT INTO T_SYSDTL_C(GRP_CD, SYS_CD, SYS_CD_NM, USE_YN, FRST_REGR_ID, FRST_REG_DTM, LST_MDFR_ID, LST_MDF_DTM ) VALUES('TC0005', 'TC000524', 'WIN1252', 'Y', 'ADMIN', clock_timestamp(), 'ADMIN', clock_timestamp());
INSERT INTO T_SYSDTL_C(GRP_CD, SYS_CD, SYS_CD_NM, USE_YN, FRST_REGR_ID, FRST_REG_DTM, LST_MDFR_ID, LST_MDF_DTM ) VALUES('TC0005', 'TC000525', 'ISO_8859_5', 'Y', 'ADMIN', clock_timestamp(), 'ADMIN', clock_timestamp());
INSERT INTO T_SYSDTL_C(GRP_CD, SYS_CD, SYS_CD_NM, USE_YN, FRST_REGR_ID, FRST_REG_DTM, LST_MDFR_ID, LST_MDF_DTM ) VALUES('TC0005', 'TC000526', 'ISO_8859_6', 'Y', 'ADMIN', clock_timestamp(), 'ADMIN', clock_timestamp());
INSERT INTO T_SYSDTL_C(GRP_CD, SYS_CD, SYS_CD_NM, USE_YN, FRST_REGR_ID, FRST_REG_DTM, LST_MDFR_ID, LST_MDF_DTM ) VALUES('TC0005', 'TC000527', 'ISO_8859_7', 'Y', 'ADMIN', clock_timestamp(), 'ADMIN', clock_timestamp());
INSERT INTO T_SYSDTL_C(GRP_CD, SYS_CD, SYS_CD_NM, USE_YN, FRST_REGR_ID, FRST_REG_DTM, LST_MDFR_ID, LST_MDF_DTM ) VALUES('TC0005', 'TC000528', 'ISO_8859_8', 'Y', 'ADMIN', clock_timestamp(), 'ADMIN', clock_timestamp());
INSERT INTO T_SYSDTL_C(GRP_CD, SYS_CD, SYS_CD_NM, USE_YN, FRST_REGR_ID, FRST_REG_DTM, LST_MDFR_ID, LST_MDF_DTM ) VALUES('TC0005', 'TC000529', 'WIN1250', 'Y', 'ADMIN', clock_timestamp(), 'ADMIN', clock_timestamp());
INSERT INTO T_SYSDTL_C(GRP_CD, SYS_CD, SYS_CD_NM, USE_YN, FRST_REGR_ID, FRST_REG_DTM, LST_MDFR_ID, LST_MDF_DTM ) VALUES('TC0005', 'TC000530', 'WIN1253', 'Y', 'ADMIN', clock_timestamp(), 'ADMIN', clock_timestamp());
INSERT INTO T_SYSDTL_C(GRP_CD, SYS_CD, SYS_CD_NM, USE_YN, FRST_REGR_ID, FRST_REG_DTM, LST_MDFR_ID, LST_MDF_DTM ) VALUES('TC0005', 'TC000531', 'WIN1254', 'Y', 'ADMIN', clock_timestamp(), 'ADMIN', clock_timestamp());
INSERT INTO T_SYSDTL_C(GRP_CD, SYS_CD, SYS_CD_NM, USE_YN, FRST_REGR_ID, FRST_REG_DTM, LST_MDFR_ID, LST_MDF_DTM ) VALUES('TC0005', 'TC000532', 'WIN1255', 'Y', 'ADMIN', clock_timestamp(), 'ADMIN', clock_timestamp());
INSERT INTO T_SYSDTL_C(GRP_CD, SYS_CD, SYS_CD_NM, USE_YN, FRST_REGR_ID, FRST_REG_DTM, LST_MDFR_ID, LST_MDF_DTM ) VALUES('TC0005', 'TC000533', 'WIN1257', 'Y', 'ADMIN', clock_timestamp(), 'ADMIN', clock_timestamp());
INSERT INTO T_SYSDTL_C(GRP_CD, SYS_CD, SYS_CD_NM, USE_YN, FRST_REGR_ID, FRST_REG_DTM, LST_MDFR_ID, LST_MDF_DTM ) VALUES('TC0005', 'TC000534', 'KOI8U', 'Y', 'ADMIN', clock_timestamp(), 'ADMIN', clock_timestamp());
INSERT INTO T_SYSDTL_C(GRP_CD, SYS_CD, SYS_CD_NM, USE_YN, FRST_REGR_ID, FRST_REG_DTM, LST_MDFR_ID, LST_MDF_DTM ) VALUES('TC0005', 'TC000535', 'BIG5', 'Y', 'ADMIN', clock_timestamp(), 'ADMIN', clock_timestamp());
INSERT INTO T_SYSDTL_C(GRP_CD, SYS_CD, SYS_CD_NM, USE_YN, FRST_REGR_ID, FRST_REG_DTM, LST_MDFR_ID, LST_MDF_DTM ) VALUES('TC0005', 'TC000536', 'GBK', 'Y', 'ADMIN', clock_timestamp(), 'ADMIN', clock_timestamp());
INSERT INTO T_SYSDTL_C(GRP_CD, SYS_CD, SYS_CD_NM, USE_YN, FRST_REGR_ID, FRST_REG_DTM, LST_MDFR_ID, LST_MDF_DTM ) VALUES('TC0005', 'TC000537', 'UHC', 'Y', 'ADMIN', clock_timestamp(), 'ADMIN', clock_timestamp());
INSERT INTO T_SYSDTL_C(GRP_CD, SYS_CD, SYS_CD_NM, USE_YN, FRST_REGR_ID, FRST_REG_DTM, LST_MDFR_ID, LST_MDF_DTM ) VALUES('TC0005', 'TC000538', 'GB18030', 'Y', 'ADMIN', clock_timestamp(), 'ADMIN', clock_timestamp());
INSERT INTO T_SYSDTL_C(GRP_CD, SYS_CD, SYS_CD_NM, USE_YN, FRST_REGR_ID, FRST_REG_DTM, LST_MDFR_ID, LST_MDF_DTM ) VALUES('TC0005', 'TC000539', 'JOHAB', 'Y', 'ADMIN', clock_timestamp(), 'ADMIN', clock_timestamp());
INSERT INTO T_SYSDTL_C(GRP_CD, SYS_CD, SYS_CD_NM, USE_YN, FRST_REGR_ID, FRST_REG_DTM, LST_MDFR_ID, LST_MDF_DTM ) VALUES('TC0005', 'TC000540', 'SHIFT_JIS_2004', 'Y', 'ADMIN', clock_timestamp(), 'ADMIN', clock_timestamp());
INSERT INTO T_SYSDTL_C(GRP_CD, SYS_CD, SYS_CD_NM, USE_YN, FRST_REGR_ID, FRST_REG_DTM, LST_MDFR_ID, LST_MDF_DTM ) VALUES('TC0006', 'TC000601', 'Pre-data', 'Y', 'ADMIN', clock_timestamp(), 'ADMIN', clock_timestamp());
INSERT INTO T_SYSDTL_C(GRP_CD, SYS_CD, SYS_CD_NM, USE_YN, FRST_REGR_ID, FRST_REG_DTM, LST_MDFR_ID, LST_MDF_DTM ) VALUES('TC0006', 'TC000602', 'Data', 'Y', 'ADMIN', clock_timestamp(), 'ADMIN', clock_timestamp());
INSERT INTO T_SYSDTL_C(GRP_CD, SYS_CD, SYS_CD_NM, USE_YN, FRST_REGR_ID, FRST_REG_DTM, LST_MDFR_ID, LST_MDF_DTM ) VALUES('TC0006', 'TC000603', 'Post-data', 'Y', 'ADMIN', clock_timestamp(), 'ADMIN', clock_timestamp());
INSERT INTO T_SYSDTL_C(GRP_CD, SYS_CD, SYS_CD_NM, USE_YN, FRST_REGR_ID, FRST_REG_DTM, LST_MDFR_ID, LST_MDF_DTM ) VALUES('TC0007', 'TC000701', 'Only data', 'Y', 'ADMIN', clock_timestamp(), 'ADMIN', clock_timestamp());
INSERT INTO T_SYSDTL_C(GRP_CD, SYS_CD, SYS_CD_NM, USE_YN, FRST_REGR_ID, FRST_REG_DTM, LST_MDFR_ID, LST_MDF_DTM ) VALUES('TC0007', 'TC000702', 'Only schema', 'Y', 'ADMIN', clock_timestamp(), 'ADMIN', clock_timestamp());
INSERT INTO T_SYSDTL_C(GRP_CD, SYS_CD, SYS_CD_NM, USE_YN, FRST_REGR_ID, FRST_REG_DTM, LST_MDFR_ID, LST_MDF_DTM ) VALUES('TC0007', 'TC000703', 'Blobs', 'Y', 'ADMIN', clock_timestamp(), 'ADMIN', clock_timestamp());
INSERT INTO T_SYSDTL_C(GRP_CD, SYS_CD, SYS_CD_NM, USE_YN, FRST_REGR_ID, FRST_REG_DTM, LST_MDFR_ID, LST_MDF_DTM ) VALUES('TC0008', 'TC000801', 'Owner', 'Y', 'ADMIN', clock_timestamp(), 'ADMIN', clock_timestamp());
INSERT INTO T_SYSDTL_C(GRP_CD, SYS_CD, SYS_CD_NM, USE_YN, FRST_REGR_ID, FRST_REG_DTM, LST_MDFR_ID, LST_MDF_DTM ) VALUES('TC0008', 'TC000802', 'Privilege', 'Y', 'ADMIN', clock_timestamp(), 'ADMIN', clock_timestamp());
INSERT INTO T_SYSDTL_C(GRP_CD, SYS_CD, SYS_CD_NM, USE_YN, FRST_REGR_ID, FRST_REG_DTM, LST_MDFR_ID, LST_MDF_DTM ) VALUES('TC0008', 'TC000803', 'Tablespace', 'Y', 'ADMIN', clock_timestamp(), 'ADMIN', clock_timestamp());
INSERT INTO T_SYSDTL_C(GRP_CD, SYS_CD, SYS_CD_NM, USE_YN, FRST_REGR_ID, FRST_REG_DTM, LST_MDFR_ID, LST_MDF_DTM ) VALUES('TC0008', 'TC000804', 'Unlogged table data', 'Y', 'ADMIN', clock_timestamp(), 'ADMIN', clock_timestamp());
INSERT INTO T_SYSDTL_C(GRP_CD, SYS_CD, SYS_CD_NM, USE_YN, FRST_REGR_ID, FRST_REG_DTM, LST_MDFR_ID, LST_MDF_DTM ) VALUES('TC0009', 'TC000901', 'Use Column Inserts', 'Y', 'ADMIN', clock_timestamp(), 'ADMIN', clock_timestamp());
INSERT INTO T_SYSDTL_C(GRP_CD, SYS_CD, SYS_CD_NM, USE_YN, FRST_REGR_ID, FRST_REG_DTM, LST_MDFR_ID, LST_MDF_DTM ) VALUES('TC0009', 'TC000902', 'Use Insert Commands', 'Y', 'ADMIN', clock_timestamp(), 'ADMIN', clock_timestamp());
INSERT INTO T_SYSDTL_C(GRP_CD, SYS_CD, SYS_CD_NM, USE_YN, FRST_REGR_ID, FRST_REG_DTM, LST_MDFR_ID, LST_MDF_DTM ) VALUES('TC0009', 'TC000903', 'Include CREATE DATABASE statement', 'Y', 'ADMIN', clock_timestamp(), 'ADMIN', clock_timestamp());
INSERT INTO T_SYSDTL_C(GRP_CD, SYS_CD, SYS_CD_NM, USE_YN, FRST_REGR_ID, FRST_REG_DTM, LST_MDFR_ID, LST_MDF_DTM ) VALUES('TC0009', 'TC000904', 'Include DROP DATABASE statement', 'Y', 'ADMIN', clock_timestamp(), 'ADMIN', clock_timestamp());
INSERT INTO T_SYSDTL_C(GRP_CD, SYS_CD, SYS_CD_NM, USE_YN, FRST_REGR_ID, FRST_REG_DTM, LST_MDFR_ID, LST_MDF_DTM ) VALUES('TC0009', 'TC000905', 'Clean before restore', 'Y', 'ADMIN', clock_timestamp(), 'ADMIN', clock_timestamp());
INSERT INTO T_SYSDTL_C(GRP_CD, SYS_CD, SYS_CD_NM, USE_YN, FRST_REGR_ID, FRST_REG_DTM, LST_MDFR_ID, LST_MDF_DTM ) VALUES('TC0009', 'TC000906', 'Single transaction', 'Y', 'ADMIN', clock_timestamp(), 'ADMIN', clock_timestamp());
INSERT INTO T_SYSDTL_C(GRP_CD, SYS_CD, SYS_CD_NM, USE_YN, FRST_REGR_ID, FRST_REG_DTM, LST_MDFR_ID, LST_MDF_DTM ) VALUES('TC0010', 'TC001001', 'With OID(s)', 'Y', 'ADMIN', clock_timestamp(), 'ADMIN', clock_timestamp());
INSERT INTO T_SYSDTL_C(GRP_CD, SYS_CD, SYS_CD_NM, USE_YN, FRST_REGR_ID, FRST_REG_DTM, LST_MDFR_ID, LST_MDF_DTM ) VALUES('TC0010', 'TC001002', 'Verbose messages', 'Y', 'ADMIN', clock_timestamp(), 'ADMIN', clock_timestamp());
INSERT INTO T_SYSDTL_C(GRP_CD, SYS_CD, SYS_CD_NM, USE_YN, FRST_REGR_ID, FRST_REG_DTM, LST_MDFR_ID, LST_MDF_DTM ) VALUES('TC0010', 'TC001003', 'Force double quote on identifiers', 'Y', 'ADMIN', clock_timestamp(), 'ADMIN', clock_timestamp());
INSERT INTO T_SYSDTL_C(GRP_CD, SYS_CD, SYS_CD_NM, USE_YN, FRST_REGR_ID, FRST_REG_DTM, LST_MDFR_ID, LST_MDF_DTM ) VALUES('TC0010', 'TC001004', 'Use SET SESSION AUTHORIZATION', 'Y', 'ADMIN', clock_timestamp(), 'ADMIN', clock_timestamp());
INSERT INTO T_SYSDTL_C(GRP_CD, SYS_CD, SYS_CD_NM, USE_YN, FRST_REGR_ID, FRST_REG_DTM, LST_MDFR_ID, LST_MDF_DTM ) VALUES('TC0010', 'TC001005', 'Exit on error', 'Y', 'ADMIN', clock_timestamp(), 'ADMIN', clock_timestamp());
INSERT INTO T_SYSDTL_C(GRP_CD, SYS_CD, SYS_CD_NM, USE_YN, FRST_REGR_ID, FRST_REG_DTM, LST_MDFR_ID, LST_MDF_DTM ) VALUES('TC0011', 'TC001101', 'local', 'Y', 'ADMIN', clock_timestamp(), 'ADMIN', clock_timestamp());
INSERT INTO T_SYSDTL_C(GRP_CD, SYS_CD, SYS_CD_NM, USE_YN, FRST_REGR_ID, FRST_REG_DTM, LST_MDFR_ID, LST_MDF_DTM ) VALUES('TC0011', 'TC001102', 'host', 'Y', 'ADMIN', clock_timestamp(), 'ADMIN', clock_timestamp());
INSERT INTO T_SYSDTL_C(GRP_CD, SYS_CD, SYS_CD_NM, USE_YN, FRST_REGR_ID, FRST_REG_DTM, LST_MDFR_ID, LST_MDF_DTM ) VALUES('TC0011', 'TC001103', 'hostssl', 'Y', 'ADMIN', clock_timestamp(), 'ADMIN', clock_timestamp());
INSERT INTO T_SYSDTL_C(GRP_CD, SYS_CD, SYS_CD_NM, USE_YN, FRST_REGR_ID, FRST_REG_DTM, LST_MDFR_ID, LST_MDF_DTM ) VALUES('TC0011', 'TC001104', 'hostnossl', 'Y', 'ADMIN', clock_timestamp(), 'ADMIN', clock_timestamp());
INSERT INTO T_SYSDTL_C(GRP_CD, SYS_CD, SYS_CD_NM, USE_YN, FRST_REGR_ID, FRST_REG_DTM, LST_MDFR_ID, LST_MDF_DTM ) VALUES('TC0012', 'TC001201', 'trust', 'Y', 'ADMIN', clock_timestamp(), 'ADMIN', clock_timestamp());
INSERT INTO T_SYSDTL_C(GRP_CD, SYS_CD, SYS_CD_NM, USE_YN, FRST_REGR_ID, FRST_REG_DTM, LST_MDFR_ID, LST_MDF_DTM ) VALUES('TC0012', 'TC001202', 'reject', 'Y', 'ADMIN', clock_timestamp(), 'ADMIN', clock_timestamp());
INSERT INTO T_SYSDTL_C(GRP_CD, SYS_CD, SYS_CD_NM, USE_YN, FRST_REGR_ID, FRST_REG_DTM, LST_MDFR_ID, LST_MDF_DTM ) VALUES('TC0012', 'TC001203', 'md5', 'Y', 'ADMIN', clock_timestamp(), 'ADMIN', clock_timestamp());
INSERT INTO T_SYSDTL_C(GRP_CD, SYS_CD, SYS_CD_NM, USE_YN, FRST_REGR_ID, FRST_REG_DTM, LST_MDFR_ID, LST_MDF_DTM ) VALUES('TC0012', 'TC001204', 'password', 'Y', 'ADMIN', clock_timestamp(), 'ADMIN', clock_timestamp());
INSERT INTO T_SYSDTL_C(GRP_CD, SYS_CD, SYS_CD_NM, USE_YN, FRST_REGR_ID, FRST_REG_DTM, LST_MDFR_ID, LST_MDF_DTM ) VALUES('TC0012', 'TC001205', 'krb4', 'Y', 'ADMIN', clock_timestamp(), 'ADMIN', clock_timestamp());
INSERT INTO T_SYSDTL_C(GRP_CD, SYS_CD, SYS_CD_NM, USE_YN, FRST_REGR_ID, FRST_REG_DTM, LST_MDFR_ID, LST_MDF_DTM ) VALUES('TC0012', 'TC001206', 'krb5', 'Y', 'ADMIN', clock_timestamp(), 'ADMIN', clock_timestamp());
INSERT INTO T_SYSDTL_C(GRP_CD, SYS_CD, SYS_CD_NM, USE_YN, FRST_REGR_ID, FRST_REG_DTM, LST_MDFR_ID, LST_MDF_DTM ) VALUES('TC0012', 'TC001207', 'ident', 'Y', 'ADMIN', clock_timestamp(), 'ADMIN', clock_timestamp());
INSERT INTO T_SYSDTL_C(GRP_CD, SYS_CD, SYS_CD_NM, USE_YN, FRST_REGR_ID, FRST_REG_DTM, LST_MDFR_ID, LST_MDF_DTM ) VALUES('TC0012', 'TC001208', 'pam', 'Y', 'ADMIN', clock_timestamp(), 'ADMIN', clock_timestamp());
INSERT INTO T_SYSDTL_C(GRP_CD, SYS_CD, SYS_CD_NM, USE_YN, FRST_REGR_ID, FRST_REG_DTM, LST_MDFR_ID, LST_MDF_DTM ) VALUES('TC0012', 'TC001209', 'ldap', 'Y', 'ADMIN', clock_timestamp(), 'ADMIN', clock_timestamp());
INSERT INTO T_SYSDTL_C(GRP_CD, SYS_CD, SYS_CD_NM, USE_YN, FRST_REGR_ID, FRST_REG_DTM, LST_MDFR_ID, LST_MDF_DTM ) VALUES('TC0012', 'TC001210', 'gss', 'Y', 'ADMIN', clock_timestamp(), 'ADMIN', clock_timestamp());
INSERT INTO T_SYSDTL_C(GRP_CD, SYS_CD, SYS_CD_NM, USE_YN, FRST_REGR_ID, FRST_REG_DTM, LST_MDFR_ID, LST_MDF_DTM ) VALUES('TC0012', 'TC001211', 'sspi', 'Y', 'ADMIN', clock_timestamp(), 'ADMIN', clock_timestamp());
INSERT INTO T_SYSDTL_C(GRP_CD, SYS_CD, SYS_CD_NM, USE_YN, FRST_REGR_ID, FRST_REG_DTM, LST_MDFR_ID, LST_MDF_DTM ) VALUES('TC0012', 'TC001212', 'cert', 'Y', 'ADMIN', clock_timestamp(), 'ADMIN', clock_timestamp());
INSERT INTO T_SYSDTL_C(GRP_CD, SYS_CD, SYS_CD_NM, USE_YN, FRST_REGR_ID, FRST_REG_DTM, LST_MDFR_ID, LST_MDF_DTM ) VALUES('TC0012', 'TC001213', 'crypt', 'Y', 'ADMIN', clock_timestamp(), 'ADMIN', clock_timestamp());
INSERT INTO T_SYSDTL_C(GRP_CD, SYS_CD, SYS_CD_NM, USE_YN, FRST_REGR_ID, FRST_REG_DTM, LST_MDFR_ID, LST_MDF_DTM ) VALUES('TC0012', 'TC001214', 'radius', 'Y', 'ADMIN', clock_timestamp(), 'ADMIN', clock_timestamp());
INSERT INTO T_SYSDTL_C(GRP_CD, SYS_CD, SYS_CD_NM, USE_YN, FRST_REGR_ID, FRST_REG_DTM, LST_MDFR_ID, LST_MDF_DTM ) VALUES('TC0012', 'TC001215', 'peer', 'Y', 'ADMIN', clock_timestamp(), 'ADMIN', clock_timestamp());
INSERT INTO T_SYSDTL_C(GRP_CD, SYS_CD, SYS_CD_NM, USE_YN, FRST_REGR_ID, FRST_REG_DTM, LST_MDFR_ID, LST_MDF_DTM ) VALUES('TC0013', 'TC001301', 'READ', 'Y', 'ADMIN', clock_timestamp(), 'ADMIN', clock_timestamp());
INSERT INTO T_SYSDTL_C(GRP_CD, SYS_CD, SYS_CD_NM, USE_YN, FRST_REGR_ID, FRST_REG_DTM, LST_MDFR_ID, LST_MDF_DTM ) VALUES('TC0013', 'TC001302', 'WRITE', 'Y', 'ADMIN', clock_timestamp(), 'ADMIN', clock_timestamp());
INSERT INTO T_SYSDTL_C(GRP_CD, SYS_CD, SYS_CD_NM, USE_YN, FRST_REGR_ID, FRST_REG_DTM, LST_MDFR_ID, LST_MDF_DTM ) VALUES('TC0013', 'TC001303', 'FUNCTION', 'Y', 'ADMIN', clock_timestamp(), 'ADMIN', clock_timestamp());
INSERT INTO T_SYSDTL_C(GRP_CD, SYS_CD, SYS_CD_NM, USE_YN, FRST_REGR_ID, FRST_REG_DTM, LST_MDFR_ID, LST_MDF_DTM ) VALUES('TC0013', 'TC001304', 'ROLL', 'Y', 'ADMIN', clock_timestamp(), 'ADMIN', clock_timestamp());
INSERT INTO T_SYSDTL_C(GRP_CD, SYS_CD, SYS_CD_NM, USE_YN, FRST_REGR_ID, FRST_REG_DTM, LST_MDFR_ID, LST_MDF_DTM ) VALUES('TC0013', 'TC001305', 'DDL', 'Y', 'ADMIN', clock_timestamp(), 'ADMIN', clock_timestamp());
INSERT INTO T_SYSDTL_C(GRP_CD, SYS_CD, SYS_CD_NM, USE_YN, FRST_REGR_ID, FRST_REG_DTM, LST_MDFR_ID, LST_MDF_DTM ) VALUES('TC0013', 'TC001306', 'MISC', 'Y', 'ADMIN', clock_timestamp(), 'ADMIN', clock_timestamp());
INSERT INTO T_SYSDTL_C(GRP_CD, SYS_CD, SYS_CD_NM, USE_YN, FRST_REGR_ID, FRST_REG_DTM, LST_MDFR_ID, LST_MDF_DTM ) VALUES('TC0014', 'TC001401', 'DEBUG', 'Y', 'ADMIN', clock_timestamp(), 'ADMIN', clock_timestamp());
INSERT INTO T_SYSDTL_C(GRP_CD, SYS_CD, SYS_CD_NM, USE_YN, FRST_REGR_ID, FRST_REG_DTM, LST_MDFR_ID, LST_MDF_DTM ) VALUES('TC0014', 'TC001402', 'INFO', 'Y', 'ADMIN', clock_timestamp(), 'ADMIN', clock_timestamp());
INSERT INTO T_SYSDTL_C(GRP_CD, SYS_CD, SYS_CD_NM, USE_YN, FRST_REGR_ID, FRST_REG_DTM, LST_MDFR_ID, LST_MDF_DTM ) VALUES('TC0014', 'TC001403', 'NOTICE', 'Y', 'ADMIN', clock_timestamp(), 'ADMIN', clock_timestamp());
INSERT INTO T_SYSDTL_C(GRP_CD, SYS_CD, SYS_CD_NM, USE_YN, FRST_REGR_ID, FRST_REG_DTM, LST_MDFR_ID, LST_MDF_DTM ) VALUES('TC0014', 'TC001404', 'WARNING', 'Y', 'ADMIN', clock_timestamp(), 'ADMIN', clock_timestamp());
INSERT INTO T_SYSDTL_C(GRP_CD, SYS_CD, SYS_CD_NM, USE_YN, FRST_REGR_ID, FRST_REG_DTM, LST_MDFR_ID, LST_MDF_DTM ) VALUES('TC0015', 'TC001501', '실행', 'Y', 'ADMIN', clock_timestamp(), 'ADMIN', clock_timestamp());
INSERT INTO T_SYSDTL_C(GRP_CD, SYS_CD, SYS_CD_NM, USE_YN, FRST_REGR_ID, FRST_REG_DTM, LST_MDFR_ID, LST_MDF_DTM ) VALUES('TC0015', 'TC001502', '중지', 'Y', 'ADMIN', clock_timestamp(), 'ADMIN', clock_timestamp());
INSERT INTO T_SYSDTL_C(GRP_CD, SYS_CD, SYS_CD_NM, USE_YN, FRST_REGR_ID, FRST_REG_DTM, LST_MDFR_ID, LST_MDF_DTM ) VALUES('TC0016', 'TC001601', '매일', 'Y', 'ADMIN', clock_timestamp(), 'ADMIN', clock_timestamp());
INSERT INTO T_SYSDTL_C(GRP_CD, SYS_CD, SYS_CD_NM, USE_YN, FRST_REGR_ID, FRST_REG_DTM, LST_MDFR_ID, LST_MDF_DTM ) VALUES('TC0016', 'TC001602', '매주', 'Y', 'ADMIN', clock_timestamp(), 'ADMIN', clock_timestamp());
INSERT INTO T_SYSDTL_C(GRP_CD, SYS_CD, SYS_CD_NM, USE_YN, FRST_REGR_ID, FRST_REG_DTM, LST_MDFR_ID, LST_MDF_DTM ) VALUES('TC0016', 'TC001603', '매월', 'Y', 'ADMIN', clock_timestamp(), 'ADMIN', clock_timestamp());
INSERT INTO T_SYSDTL_C(GRP_CD, SYS_CD, SYS_CD_NM, USE_YN, FRST_REGR_ID, FRST_REG_DTM, LST_MDFR_ID, LST_MDF_DTM ) VALUES('TC0016', 'TC001604', '매년', 'Y', 'ADMIN', clock_timestamp(), 'ADMIN', clock_timestamp());
INSERT INTO T_SYSDTL_C(GRP_CD, SYS_CD, SYS_CD_NM, USE_YN, FRST_REGR_ID, FRST_REG_DTM, LST_MDFR_ID, LST_MDF_DTM ) VALUES('TC0016', 'TC001605', '1회실행', 'Y', 'ADMIN', clock_timestamp(), 'ADMIN', clock_timestamp());
INSERT INTO T_SYSDTL_C(GRP_CD, SYS_CD, SYS_CD_NM, USE_YN, FRST_REGR_ID, FRST_REG_DTM, LST_MDFR_ID, LST_MDF_DTM ) VALUES('TC0017', 'TC001701', 'Success', 'Y', 'ADMIN', clock_timestamp(), 'ADMIN', clock_timestamp());
INSERT INTO T_SYSDTL_C(GRP_CD, SYS_CD, SYS_CD_NM, USE_YN, FRST_REGR_ID, FRST_REG_DTM, LST_MDFR_ID, LST_MDF_DTM ) VALUES('TC0017', 'TC001702', 'Fail', 'Y', 'ADMIN', clock_timestamp(), 'ADMIN', clock_timestamp());
INSERT INTO T_SYSDTL_C(GRP_CD, SYS_CD, SYS_CD_NM, USE_YN, FRST_REGR_ID, FRST_REG_DTM, LST_MDFR_ID, LST_MDF_DTM ) VALUES('TC0018', 'TC001801', '대기', 'Y', 'ADMIN', clock_timestamp(), 'ADMIN', clock_timestamp());
INSERT INTO T_SYSDTL_C(GRP_CD, SYS_CD, SYS_CD_NM, USE_YN, FRST_REGR_ID, FRST_REG_DTM, LST_MDFR_ID, LST_MDF_DTM ) VALUES('TC0018', 'TC001802', '실행', 'Y', 'ADMIN', clock_timestamp(), 'ADMIN', clock_timestamp());
INSERT INTO T_SYSDTL_C(GRP_CD, SYS_CD, SYS_CD_NM, USE_YN, FRST_REGR_ID, FRST_REG_DTM, LST_MDFR_ID, LST_MDF_DTM ) VALUES('TC0018', 'TC001803', '중지', 'Y', 'ADMIN', clock_timestamp(), 'ADMIN', clock_timestamp());
INSERT INTO T_SYSDTL_C(GRP_CD, SYS_CD, SYS_CD_NM, USE_YN, FRST_REGR_ID, FRST_REG_DTM, LST_MDFR_ID, LST_MDF_DTM ) VALUES('TC0019', 'TC001901', '백업', 'Y', 'ADMIN', clock_timestamp(), 'ADMIN', clock_timestamp());
INSERT INTO T_SYSDTL_C(GRP_CD, SYS_CD, SYS_CD_NM, USE_YN, FRST_REGR_ID, FRST_REG_DTM, LST_MDFR_ID, LST_MDF_DTM ) VALUES('TC0019', 'TC001902', '스크립트', 'Y', 'ADMIN', clock_timestamp(), 'ADMIN', clock_timestamp());
INSERT INTO T_SYSDTL_C(GRP_CD, SYS_CD, SYS_CD_NM, USE_YN, FRST_REGR_ID, FRST_REG_DTM, LST_MDFR_ID, LST_MDF_DTM ) VALUES('TC0019', 'TC001903', 'MIGRATION', 'Y', 'ADMIN', clock_timestamp(), 'ADMIN', clock_timestamp());
INSERT INTO T_SYSDTL_C(GRP_CD, SYS_CD, SYS_CD_NM, USE_YN, FRST_REGR_ID, FRST_REG_DTM, LST_MDFR_ID, LST_MDF_DTM ) VALUES('TC0020', 'TC002001', '해결', 'Y', 'ADMIN', clock_timestamp(), 'ADMIN', clock_timestamp());
INSERT INTO T_SYSDTL_C(GRP_CD, SYS_CD, SYS_CD_NM, USE_YN, FRST_REGR_ID, FRST_REG_DTM, LST_MDFR_ID, LST_MDF_DTM ) VALUES('TC0020', 'TC002002', '미해결', 'Y', 'ADMIN', clock_timestamp(), 'ADMIN', clock_timestamp());
INSERT INTO T_SYSDTL_C(GRP_CD, SYS_CD, SYS_CD_NM, USE_YN, FRST_REGR_ID, FRST_REG_DTM, LST_MDFR_ID, LST_MDF_DTM ) VALUES('TC0021', 'TC002101', 'Trigger', 'Y', 'ADMIN', clock_timestamp(), 'ADMIN', clock_timestamp());
INSERT INTO T_SYSDTL_C(GRP_CD, SYS_CD, SYS_CD_NM, USE_YN, FRST_REGR_ID, FRST_REG_DTM, LST_MDFR_ID, LST_MDF_DTM ) VALUES('TC0021', 'TC002102', 'NoData for Failed Table', 'Y', 'ADMIN', clock_timestamp(), 'ADMIN', clock_timestamp());

INSERT INTO T_SYSDTL_C(GRP_CD, SYS_CD, SYS_CD_NM, USE_YN, FRST_REGR_ID, FRST_REG_DTM, LST_MDFR_ID, LST_MDF_DTM ) VALUES('TC0022', 'TC002201', 'Oracle', 'Y', 'ADMIN', clock_timestamp(), 'ADMIN', clock_timestamp());
INSERT INTO T_SYSDTL_C(GRP_CD, SYS_CD, SYS_CD_NM, USE_YN, FRST_REGR_ID, FRST_REG_DTM, LST_MDFR_ID, LST_MDF_DTM ) VALUES('TC0022', 'TC002202', 'MS-SQL', 'Y', 'ADMIN', clock_timestamp(), 'ADMIN', clock_timestamp());
INSERT INTO T_SYSDTL_C(GRP_CD, SYS_CD, SYS_CD_NM, USE_YN, FRST_REGR_ID, FRST_REG_DTM, LST_MDFR_ID, LST_MDF_DTM ) VALUES('TC0022', 'TC002203', 'MySQL', 'Y', 'ADMIN', clock_timestamp(), 'ADMIN', clock_timestamp());
INSERT INTO T_SYSDTL_C(GRP_CD, SYS_CD, SYS_CD_NM, USE_YN, FRST_REGR_ID, FRST_REG_DTM, LST_MDFR_ID, LST_MDF_DTM ) VALUES('TC0022', 'TC002204', 'PostgreSQL', 'Y', 'ADMIN', clock_timestamp(), 'ADMIN', clock_timestamp());
INSERT INTO T_SYSDTL_C(GRP_CD, SYS_CD, SYS_CD_NM, USE_YN, FRST_REGR_ID, FRST_REG_DTM, LST_MDFR_ID, LST_MDF_DTM ) VALUES('TC0022', 'TC002205', 'DB2', 'Y', 'ADMIN', clock_timestamp(), 'ADMIN', clock_timestamp());
INSERT INTO T_SYSDTL_C(GRP_CD, SYS_CD, SYS_CD_NM, USE_YN, FRST_REGR_ID, FRST_REG_DTM, LST_MDFR_ID, LST_MDF_DTM ) VALUES('TC0022', 'TC002206', 'SyBaseASE', 'Y', 'ADMIN', clock_timestamp(), 'ADMIN', clock_timestamp());
INSERT INTO T_SYSDTL_C(GRP_CD, SYS_CD, SYS_CD_NM, USE_YN, FRST_REGR_ID, FRST_REG_DTM, LST_MDFR_ID, LST_MDF_DTM ) VALUES('TC0022', 'TC002207', 'CUBRID', 'Y', 'ADMIN', clock_timestamp(), 'ADMIN', clock_timestamp());
INSERT INTO T_SYSDTL_C(GRP_CD, SYS_CD, SYS_CD_NM, USE_YN, FRST_REGR_ID, FRST_REG_DTM, LST_MDFR_ID, LST_MDF_DTM ) VALUES('TC0022', 'TC002208', 'Tibero', 'Y', 'ADMIN', clock_timestamp(), 'ADMIN', clock_timestamp());
INSERT INTO T_SYSDTL_C(GRP_CD, SYS_CD, SYS_CD_NM, USE_YN, FRST_REGR_ID, FRST_REG_DTM, LST_MDFR_ID, LST_MDF_DTM ) VALUES('TC0023', 'TC002301', 'AMERICAN_AMERICA.KO16MSWIN949', 'Y', 'ADMIN', clock_timestamp(), 'ADMIN', clock_timestamp());
INSERT INTO T_SYSDTL_C(GRP_CD, SYS_CD, SYS_CD_NM, USE_YN, FRST_REGR_ID, FRST_REG_DTM, LST_MDFR_ID, LST_MDF_DTM ) VALUES('TC0023', 'TC002302', 'AMERICAN_AMERICA.KO16KSC5601', 'Y', 'ADMIN', clock_timestamp(), 'ADMIN', clock_timestamp());
INSERT INTO T_SYSDTL_C(GRP_CD, SYS_CD, SYS_CD_NM, USE_YN, FRST_REGR_ID, FRST_REG_DTM, LST_MDFR_ID, LST_MDF_DTM ) VALUES('TC0023', 'TC002303', 'AMERICAN_AMERICA.UTF8', 'Y', 'ADMIN', clock_timestamp(), 'ADMIN', clock_timestamp());
INSERT INTO T_SYSDTL_C(GRP_CD, SYS_CD, SYS_CD_NM, USE_YN, FRST_REGR_ID, FRST_REG_DTM, LST_MDFR_ID, LST_MDF_DTM ) VALUES('TC0023', 'TC002304', 'AMERICAN_AMERICA.AL32UTF', 'Y', 'ADMIN', clock_timestamp(), 'ADMIN', clock_timestamp());
INSERT INTO T_SYSDTL_C(GRP_CD, SYS_CD, SYS_CD_NM, USE_YN, FRST_REGR_ID, FRST_REG_DTM, LST_MDFR_ID, LST_MDF_DTM ) VALUES('TC0024', 'TC002401', 'KO16MSWIN949', 'Y', 'ADMIN', clock_timestamp(), 'ADMIN', clock_timestamp());
INSERT INTO T_SYSDTL_C(GRP_CD, SYS_CD, SYS_CD_NM, USE_YN, FRST_REGR_ID, FRST_REG_DTM, LST_MDFR_ID, LST_MDF_DTM ) VALUES('TC0024', 'TC002402', 'EUCKR', 'Y', 'ADMIN', clock_timestamp(), 'ADMIN', clock_timestamp());
INSERT INTO T_SYSDTL_C(GRP_CD, SYS_CD, SYS_CD_NM, USE_YN, FRST_REGR_ID, FRST_REG_DTM, LST_MDFR_ID, LST_MDF_DTM ) VALUES('TC0024', 'TC002403', 'UTF8', 'Y', 'ADMIN', clock_timestamp(), 'ADMIN', clock_timestamp());
INSERT INTO T_SYSDTL_C(GRP_CD, SYS_CD, SYS_CD_NM, USE_YN, FRST_REGR_ID, FRST_REG_DTM, LST_MDFR_ID, LST_MDF_DTM ) VALUES('TC0025', 'TC002501', '1363', 'Y', 'ADMIN', clock_timestamp(), 'ADMIN', clock_timestamp());
INSERT INTO T_SYSDTL_C(GRP_CD, SYS_CD, SYS_CD_NM, USE_YN, FRST_REGR_ID, FRST_REG_DTM, LST_MDFR_ID, LST_MDF_DTM ) VALUES('TC0025', 'TC002502', 'UTF-8(1208)', 'Y', 'ADMIN', clock_timestamp(), 'ADMIN', clock_timestamp());
INSERT INTO T_SYSDTL_C(GRP_CD, SYS_CD, SYS_CD_NM, USE_YN, FRST_REGR_ID, FRST_REG_DTM, LST_MDFR_ID, LST_MDF_DTM ) VALUES('TC0026', 'TC002601', 'utf8', 'Y', 'ADMIN', clock_timestamp(), 'ADMIN', clock_timestamp());
INSERT INTO T_SYSDTL_C(GRP_CD, SYS_CD, SYS_CD_NM, USE_YN, FRST_REGR_ID, FRST_REG_DTM, LST_MDFR_ID, LST_MDF_DTM ) VALUES('TC0026', 'TC002602', 'iso_1', 'Y', 'ADMIN', clock_timestamp(), 'ADMIN', clock_timestamp());
INSERT INTO T_SYSDTL_C(GRP_CD, SYS_CD, SYS_CD_NM, USE_YN, FRST_REGR_ID, FRST_REG_DTM, LST_MDFR_ID, LST_MDF_DTM ) VALUES('TC0026', 'TC002603', 'eucksc', 'Y', 'ADMIN', clock_timestamp(), 'ADMIN', clock_timestamp());
INSERT INTO T_SYSDTL_C(GRP_CD, SYS_CD, SYS_CD_NM, USE_YN, FRST_REGR_ID, FRST_REG_DTM, LST_MDFR_ID, LST_MDF_DTM ) VALUES('TC0026', 'TC002604', 'ascii_8', 'Y', 'ADMIN', clock_timestamp(), 'ADMIN', clock_timestamp());
INSERT INTO T_SYSDTL_C(GRP_CD, SYS_CD, SYS_CD_NM, USE_YN, FRST_REGR_ID, FRST_REG_DTM, LST_MDFR_ID, LST_MDF_DTM ) VALUES('TC0026', 'TC002605', 'cp949', 'Y', 'ADMIN', clock_timestamp(), 'ADMIN', clock_timestamp());
INSERT INTO T_SYSDTL_C(GRP_CD, SYS_CD, SYS_CD_NM, USE_YN, FRST_REGR_ID, FRST_REG_DTM, LST_MDFR_ID, LST_MDF_DTM ) VALUES('TC0027', 'TC002701', 'euckr', 'Y', 'ADMIN', clock_timestamp(), 'ADMIN', clock_timestamp());
INSERT INTO T_SYSDTL_C(GRP_CD, SYS_CD, SYS_CD_NM, USE_YN, FRST_REGR_ID, FRST_REG_DTM, LST_MDFR_ID, LST_MDF_DTM ) VALUES('TC0027', 'TC002702', 'utf-8', 'Y', 'ADMIN', clock_timestamp(), 'ADMIN', clock_timestamp());
INSERT INTO T_SYSDTL_C(GRP_CD, SYS_CD, SYS_CD_NM, USE_YN, FRST_REGR_ID, FRST_REG_DTM, LST_MDFR_ID, LST_MDF_DTM ) VALUES('TC0028', 'TC002801', 'Original', 'Y', 'ADMIN', clock_timestamp(), 'ADMIN', clock_timestamp());
INSERT INTO T_SYSDTL_C(GRP_CD, SYS_CD, SYS_CD_NM, USE_YN, FRST_REGR_ID, FRST_REG_DTM, LST_MDFR_ID, LST_MDF_DTM ) VALUES('TC0028', 'TC002802', 'toUpper', 'Y', 'ADMIN', clock_timestamp(), 'ADMIN', clock_timestamp());
INSERT INTO T_SYSDTL_C(GRP_CD, SYS_CD, SYS_CD_NM, USE_YN, FRST_REGR_ID, FRST_REG_DTM, LST_MDFR_ID, LST_MDF_DTM ) VALUES('TC0028', 'TC002803', 'toLower', 'Y', 'ADMIN', clock_timestamp(), 'ADMIN', clock_timestamp());
INSERT INTO T_SYSDTL_C(GRP_CD, SYS_CD, SYS_CD_NM, USE_YN, FRST_REGR_ID, FRST_REG_DTM, LST_MDFR_ID, LST_MDF_DTM ) VALUES('TC0029', 'TC002901', 'TRUE', 'Y', 'ADMIN', clock_timestamp(), 'ADMIN', clock_timestamp());
INSERT INTO T_SYSDTL_C(GRP_CD, SYS_CD, SYS_CD_NM, USE_YN, FRST_REGR_ID, FRST_REG_DTM, LST_MDFR_ID, LST_MDF_DTM ) VALUES('TC0029', 'TC002902', 'FALSE', 'Y', 'ADMIN', clock_timestamp(), 'ADMIN', clock_timestamp());
INSERT INTO T_SYSDTL_C(GRP_CD, SYS_CD, SYS_CD_NM, USE_YN, FRST_REGR_ID, FRST_REG_DTM, LST_MDFR_ID, LST_MDF_DTM ) VALUES('TC0030', 'TC003001', 'TRUNCATE', 'Y', 'ADMIN', clock_timestamp(), 'ADMIN', clock_timestamp());
INSERT INTO T_SYSDTL_C(GRP_CD, SYS_CD, SYS_CD_NM, USE_YN, FRST_REGR_ID, FRST_REG_DTM, LST_MDFR_ID, LST_MDF_DTM ) VALUES('TC0030', 'TC003002', 'APPEND', 'Y', 'ADMIN', clock_timestamp(), 'ADMIN', clock_timestamp());
INSERT INTO T_SYSDTL_C(GRP_CD, SYS_CD, SYS_CD_NM, USE_YN, FRST_REGR_ID, FRST_REG_DTM, LST_MDFR_ID, LST_MDF_DTM ) VALUES('TC0031', 'TC003101', 'DDL', 'Y', 'ADMIN', clock_timestamp(), 'ADMIN', clock_timestamp());
INSERT INTO T_SYSDTL_C(GRP_CD, SYS_CD, SYS_CD_NM, USE_YN, FRST_REGR_ID, FRST_REG_DTM, LST_MDFR_ID, LST_MDF_DTM ) VALUES('TC0031', 'TC003102', 'MIGRATION', 'Y', 'ADMIN', clock_timestamp(), 'ADMIN', clock_timestamp());

INSERT INTO T_SYSDTL_C(GRP_CD, SYS_CD, SYS_CD_NM, USE_YN, FRST_REGR_ID, FRST_REG_DTM, LST_MDFR_ID, LST_MDF_DTM ) VALUES('TC0033', 'TC003301', 'Auto', 'Y', 'ADMIN', clock_timestamp(), 'ADMIN', clock_timestamp());
INSERT INTO T_SYSDTL_C(GRP_CD, SYS_CD, SYS_CD_NM, USE_YN, FRST_REGR_ID, FRST_REG_DTM, LST_MDFR_ID, LST_MDF_DTM ) VALUES('TC0033', 'TC003302', 'Manual', 'Y', 'ADMIN', clock_timestamp(), 'ADMIN', clock_timestamp());
INSERT INTO T_SYSDTL_C(GRP_CD, SYS_CD, SYS_CD_NM, USE_YN, FRST_REGR_ID, FRST_REG_DTM, LST_MDFR_ID, LST_MDF_DTM ) VALUES('TC0034', 'TC003401', 'Logging', 'Y', 'ADMIN', clock_timestamp(), 'ADMIN', clock_timestamp());
INSERT INTO T_SYSDTL_C(GRP_CD, SYS_CD, SYS_CD_NM, USE_YN, FRST_REGR_ID, FRST_REG_DTM, LST_MDFR_ID, LST_MDF_DTM ) VALUES('TC0034', 'TC003402', 'Auto-scale', 'Y', 'ADMIN', clock_timestamp(), 'ADMIN', clock_timestamp());
INSERT INTO T_SYSDTL_C(GRP_CD, SYS_CD, SYS_CD_NM, USE_YN, FRST_REGR_ID, FRST_REG_DTM, LST_MDFR_ID, LST_MDF_DTM ) VALUES('TC0035', 'TC003501', 'CPU', 'Y', 'ADMIN', clock_timestamp(), 'ADMIN', clock_timestamp());
INSERT INTO T_SYSDTL_C(GRP_CD, SYS_CD, SYS_CD_NM, USE_YN, FRST_REGR_ID, FRST_REG_DTM, LST_MDFR_ID, LST_MDF_DTM ) VALUES('TC0035', 'TC003502', 'TPS', 'Y', 'ADMIN', clock_timestamp(), 'ADMIN', clock_timestamp());

INSERT INTO T_MNU_I(MNU_ID, MNU_CD, MNU_NM, HGR_MNU_ID, FRST_REGR_ID, FRST_REG_DTM, LST_MDFR_ID, LST_MDF_DTM)VALUES(nextval('q_mnu_i_01'), 'MN0001', 	'스케줄정보', 		'','experdb', clock_timestamp(), 'experdb', clock_timestamp());
INSERT INTO T_MNU_I(MNU_ID, MNU_CD, MNU_NM, HGR_MNU_ID, FRST_REGR_ID, FRST_REG_DTM, LST_MDFR_ID, LST_MDF_DTM)VALUES(nextval('q_mnu_i_01'), 'MN000101', 	'스케줄 등록',   		'MN0001','experdb', clock_timestamp(), 'experdb', clock_timestamp());
INSERT INTO T_MNU_I(MNU_ID, MNU_CD, MNU_NM, HGR_MNU_ID, FRST_REGR_ID, FRST_REG_DTM, LST_MDFR_ID, LST_MDF_DTM)VALUES(nextval('q_mnu_i_01'), 'MN000102', 	'스케줄 관리',   		'MN0001','experdb', clock_timestamp(), 'experdb', clock_timestamp());
INSERT INTO T_MNU_I(MNU_ID, MNU_CD, MNU_NM, HGR_MNU_ID, FRST_REGR_ID, FRST_REG_DTM, LST_MDFR_ID, LST_MDF_DTM)VALUES(nextval('q_mnu_i_01'), 'MN000103', 	'스케줄 수행이력',   		'MN0001','experdb', clock_timestamp(), 'experdb', clock_timestamp());
INSERT INTO T_MNU_I(MNU_ID, MNU_CD, MNU_NM, HGR_MNU_ID, FRST_REGR_ID, FRST_REG_DTM, LST_MDFR_ID, LST_MDF_DTM)VALUES(nextval('q_mnu_i_01'), 'MN0002', 	'데이터전송정보',  		'','experdb', clock_timestamp(), 'experdb', clock_timestamp());
INSERT INTO T_MNU_I(MNU_ID, MNU_CD, MNU_NM, HGR_MNU_ID, FRST_REGR_ID, FRST_REG_DTM, LST_MDFR_ID, LST_MDF_DTM)VALUES(nextval('q_mnu_i_01'), 'MN000201', 	'전송서버설정',     		'MN0002','experdb', clock_timestamp(), 'experdb', clock_timestamp());
INSERT INTO T_MNU_I(MNU_ID, MNU_CD, MNU_NM, HGR_MNU_ID, FRST_REGR_ID, FRST_REG_DTM, LST_MDFR_ID, LST_MDF_DTM)VALUES(nextval('q_mnu_i_01'), 'MN000202', 	'커넥터 관리', 'MN0002', 	'experdb', clock_timestamp(), 'experdb', clock_timestamp());
INSERT INTO T_MNU_I(MNU_ID, MNU_CD, MNU_NM, HGR_MNU_ID, FRST_REGR_ID, FRST_REG_DTM, LST_MDFR_ID, LST_MDF_DTM)VALUES(nextval('q_mnu_i_01'), 'MN0003', 	'DBMS 정보', 		'',	'experdb', clock_timestamp(), 'experdb', clock_timestamp());
INSERT INTO T_MNU_I(MNU_ID, MNU_CD, MNU_NM, HGR_MNU_ID, FRST_REGR_ID, FRST_REG_DTM, LST_MDFR_ID, LST_MDF_DTM)VALUES(nextval('q_mnu_i_01'), 'MN000301', 	'DBMS 등록', 			'MN0003','experdb', clock_timestamp(), 'experdb', clock_timestamp());
INSERT INTO T_MNU_I(MNU_ID, MNU_CD, MNU_NM, HGR_MNU_ID, FRST_REGR_ID, FRST_REG_DTM, LST_MDFR_ID, LST_MDF_DTM)VALUES(nextval('q_mnu_i_01'), 'MN000302', 	'DBMS 관리', 		'MN0003','experdb', clock_timestamp(), 'experdb', clock_timestamp());
INSERT INTO T_MNU_I(MNU_ID, MNU_CD, MNU_NM, HGR_MNU_ID, FRST_REGR_ID, FRST_REG_DTM, LST_MDFR_ID, LST_MDF_DTM)VALUES(nextval('q_mnu_i_01'), 'MN000303', 	'Database 관리', 		'MN0003','experdb', clock_timestamp(), 'experdb', clock_timestamp());
INSERT INTO T_MNU_I(MNU_ID, MNU_CD, MNU_NM, HGR_MNU_ID, FRST_REGR_ID, FRST_REG_DTM, LST_MDFR_ID, LST_MDF_DTM)VALUES(nextval('q_mnu_i_01'), 'MN0004', 	'사용자관리', 			'','experdb', clock_timestamp(), 'experdb', clock_timestamp());
INSERT INTO T_MNU_I(MNU_ID, MNU_CD, MNU_NM, HGR_MNU_ID, FRST_REGR_ID, FRST_REG_DTM, LST_MDFR_ID, LST_MDF_DTM)VALUES(nextval('q_mnu_i_01'), 'MN0005', 	'권한관리', 			'','experdb', clock_timestamp(), 'experdb', clock_timestamp());
INSERT INTO T_MNU_I(MNU_ID, MNU_CD, MNU_NM, HGR_MNU_ID, FRST_REGR_ID, FRST_REG_DTM, LST_MDFR_ID, LST_MDF_DTM)VALUES(nextval('q_mnu_i_01'), 'MN000501', 	'메뉴권한관리', 			'MN0005','experdb', clock_timestamp(), 'experdb', clock_timestamp());
INSERT INTO T_MNU_I(MNU_ID, MNU_CD, MNU_NM, HGR_MNU_ID, FRST_REGR_ID, FRST_REG_DTM, LST_MDFR_ID, LST_MDF_DTM)VALUES(nextval('q_mnu_i_01'), 'MN000502', 	'서버권한관리', 			'MN0005','experdb', clock_timestamp(), 'experdb', clock_timestamp());
INSERT INTO T_MNU_I(MNU_ID, MNU_CD, MNU_NM, HGR_MNU_ID, FRST_REGR_ID, FRST_REG_DTM, LST_MDFR_ID, LST_MDF_DTM)VALUES(nextval('q_mnu_i_01'), 'MN000503', 	'DB권한관리', 			'MN0005','experdb', clock_timestamp(), 'experdb', clock_timestamp());
INSERT INTO T_MNU_I(MNU_ID, MNU_CD, MNU_NM, HGR_MNU_ID, FRST_REGR_ID, FRST_REG_DTM, LST_MDFR_ID, LST_MDF_DTM)VALUES(nextval('q_mnu_i_01'), 'MN0006', 	'이력관리', 			'','experdb', clock_timestamp(), 'experdb', clock_timestamp());
INSERT INTO T_MNU_I(MNU_ID, MNU_CD, MNU_NM, HGR_MNU_ID, FRST_REGR_ID, FRST_REG_DTM, LST_MDFR_ID, LST_MDF_DTM)VALUES(nextval('q_mnu_i_01'), 'MN000601', 	'화면접근이력', 			'MN0006','experdb', clock_timestamp(), 'experdb', clock_timestamp());
INSERT INTO T_MNU_I(MNU_ID, MNU_CD, MNU_NM, HGR_MNU_ID, FRST_REGR_ID, FRST_REG_DTM, LST_MDFR_ID, LST_MDF_DTM)VALUES(nextval('q_mnu_i_01'), 'MN0007', 	'에이전트모니터링', 		'','experdb', clock_timestamp(), 'experdb', clock_timestamp());
INSERT INTO T_MNU_I(MNU_ID, MNU_CD, MNU_NM, HGR_MNU_ID, FRST_REGR_ID, FRST_REG_DTM, LST_MDFR_ID, LST_MDF_DTM)VALUES(nextval('q_mnu_i_01'), 'MN000701', 	'관리 에이전트', 			'MN0007','experdb', clock_timestamp(), 'experdb', clock_timestamp());
INSERT INTO T_MNU_I(MNU_ID, MNU_CD, MNU_NM, HGR_MNU_ID, FRST_REGR_ID, FRST_REG_DTM, LST_MDFR_ID, LST_MDF_DTM)VALUES(nextval('q_mnu_i_01'), 'MN0008', 	'확장팩설치정보', 		'','experdb', clock_timestamp(), 'experdb', clock_timestamp());
INSERT INTO T_MNU_I(MNU_ID, MNU_CD, MNU_NM, HGR_MNU_ID, FRST_REGR_ID, FRST_REG_DTM, LST_MDFR_ID, LST_MDF_DTM)VALUES(nextval('q_mnu_i_01'), 'MN0009', 	'사용자정보관리', 		'','experdb', clock_timestamp(), 'experdb', clock_timestamp());
INSERT INTO T_MNU_I(MNU_ID, MNU_CD, MNU_NM, HGR_MNU_ID, FRST_REGR_ID, FRST_REG_DTM, LST_MDFR_ID, LST_MDF_DTM)VALUES(nextval('q_mnu_i_01'), 'MN00010', 	'MY스케줄 관리', 		'','experdb', clock_timestamp(), 'experdb', clock_timestamp());

INSERT INTO T_MNU_I(MNU_ID, MNU_CD, MNU_NM, HGR_MNU_ID, FRST_REGR_ID, FRST_REG_DTM, LST_MDFR_ID, LST_MDF_DTM)VALUES(nextval('q_mnu_i_01'), 'MN00011', 	'정책관리/키관리', 		'','experdb', clock_timestamp(), 'experdb', clock_timestamp());
INSERT INTO T_MNU_I(MNU_ID, MNU_CD, MNU_NM, HGR_MNU_ID, FRST_REGR_ID, FRST_REG_DTM, LST_MDFR_ID, LST_MDF_DTM)VALUES(nextval('q_mnu_i_01'), 'MN0001101', '보안정책관리', 		'MN00011','experdb', clock_timestamp(), 'experdb', clock_timestamp());
INSERT INTO T_MNU_I(MNU_ID, MNU_CD, MNU_NM, HGR_MNU_ID, FRST_REGR_ID, FRST_REG_DTM, LST_MDFR_ID, LST_MDF_DTM)VALUES(nextval('q_mnu_i_01'), 'MN0001102', '암호화키관리', 		'MN00011','experdb', clock_timestamp(), 'experdb', clock_timestamp());
INSERT INTO T_MNU_I(MNU_ID, MNU_CD, MNU_NM, HGR_MNU_ID, FRST_REGR_ID, FRST_REG_DTM, LST_MDFR_ID, LST_MDF_DTM)VALUES(nextval('q_mnu_i_01'), 'MN00012', 	'감사로그', 		'','experdb', clock_timestamp(), 'experdb', clock_timestamp());
INSERT INTO T_MNU_I(MNU_ID, MNU_CD, MNU_NM, HGR_MNU_ID, FRST_REGR_ID, FRST_REG_DTM, LST_MDFR_ID, LST_MDF_DTM)VALUES(nextval('q_mnu_i_01'), 'MN0001201', '암복호화', 		'MN00012','experdb', clock_timestamp(), 'experdb', clock_timestamp());
INSERT INTO T_MNU_I(MNU_ID, MNU_CD, MNU_NM, HGR_MNU_ID, FRST_REGR_ID, FRST_REG_DTM, LST_MDFR_ID, LST_MDF_DTM)VALUES(nextval('q_mnu_i_01'), 'MN0001202', '관리서버', 		'MN00012','experdb', clock_timestamp(), 'experdb', clock_timestamp());
INSERT INTO T_MNU_I(MNU_ID, MNU_CD, MNU_NM, HGR_MNU_ID, FRST_REGR_ID, FRST_REG_DTM, LST_MDFR_ID, LST_MDF_DTM)VALUES(nextval('q_mnu_i_01'), 'MN0001203', '암호화 키', 		'MN00012','experdb', clock_timestamp(), 'experdb', clock_timestamp());
INSERT INTO T_MNU_I(MNU_ID, MNU_CD, MNU_NM, HGR_MNU_ID, FRST_REGR_ID, FRST_REG_DTM, LST_MDFR_ID, LST_MDF_DTM)VALUES(nextval('q_mnu_i_01'), 'MN0001204', '자원사용', 		'MN00012','experdb', clock_timestamp(), 'experdb', clock_timestamp());
INSERT INTO T_MNU_I(MNU_ID, MNU_CD, MNU_NM, HGR_MNU_ID, FRST_REGR_ID, FRST_REG_DTM, LST_MDFR_ID, LST_MDF_DTM)VALUES(nextval('q_mnu_i_01'), 'MN00013', 	'설정', 		'','experdb', clock_timestamp(), 'experdb', clock_timestamp());
INSERT INTO T_MNU_I(MNU_ID, MNU_CD, MNU_NM, HGR_MNU_ID, FRST_REGR_ID, FRST_REG_DTM, LST_MDFR_ID, LST_MDF_DTM)VALUES(nextval('q_mnu_i_01'), 'MN0001301', '보안정책옵션설정', 		'MN00013','experdb', clock_timestamp(), 'experdb', clock_timestamp());
INSERT INTO T_MNU_I(MNU_ID, MNU_CD, MNU_NM, HGR_MNU_ID, FRST_REGR_ID, FRST_REG_DTM, LST_MDFR_ID, LST_MDF_DTM)VALUES(nextval('q_mnu_i_01'), 'MN0001302', '암호화설정', 		'MN00013','experdb', clock_timestamp(), 'experdb', clock_timestamp());
INSERT INTO T_MNU_I(MNU_ID, MNU_CD, MNU_NM, HGR_MNU_ID, FRST_REGR_ID, FRST_REG_DTM, LST_MDFR_ID, LST_MDF_DTM)VALUES(nextval('q_mnu_i_01'), 'MN0001303', '서버마스터키암호설정', 		'MN00013','experdb', clock_timestamp(), 'experdb', clock_timestamp());
INSERT INTO T_MNU_I(MNU_ID, MNU_CD, MNU_NM, HGR_MNU_ID, FRST_REGR_ID, FRST_REG_DTM, LST_MDFR_ID, LST_MDF_DTM)VALUES(nextval('q_mnu_i_01'), 'MN0001304', '에이전트 설정', 		'MN00013','experdb', clock_timestamp(), 'experdb', clock_timestamp());
INSERT INTO T_MNU_I(MNU_ID, MNU_CD, MNU_NM, HGR_MNU_ID, FRST_REGR_ID, FRST_REG_DTM, LST_MDFR_ID, LST_MDF_DTM)VALUES(nextval('q_mnu_i_01'), 'MN00014', 	'통계', 		'','experdb', clock_timestamp(), 'experdb', clock_timestamp());
INSERT INTO T_MNU_I(MNU_ID, MNU_CD, MNU_NM, HGR_MNU_ID, FRST_REGR_ID, FRST_REG_DTM, LST_MDFR_ID, LST_MDF_DTM)VALUES(nextval('q_mnu_i_01'), 'MN0001401', '암호화통계', 		'MN00014','experdb', clock_timestamp(), 'experdb', clock_timestamp());
INSERT INTO T_MNU_I(MNU_ID, MNU_CD, MNU_NM, HGR_MNU_ID, FRST_REGR_ID, FRST_REG_DTM, LST_MDFR_ID, LST_MDF_DTM)VALUES(nextval('q_mnu_i_01'), 'MN000702', 	'암호화 에이전트', 			'MN0007','experdb', clock_timestamp(), 'experdb', clock_timestamp());

INSERT INTO T_MNU_I(MNU_ID, MNU_CD, MNU_NM, HGR_MNU_ID, FRST_REGR_ID, FRST_REG_DTM, LST_MDFR_ID, LST_MDF_DTM)VALUES(nextval('q_mnu_i_01'), 'MN00015', 	'소스/타겟 DBMS 관리', 		'','experdb', clock_timestamp(), 'experdb', clock_timestamp());
INSERT INTO T_MNU_I(MNU_ID, MNU_CD, MNU_NM, HGR_MNU_ID, FRST_REGR_ID, FRST_REG_DTM, LST_MDFR_ID, LST_MDF_DTM)VALUES(nextval('q_mnu_i_01'), 'MN00016', 	'설정정보관리', 		'','experdb', clock_timestamp(), 'experdb', clock_timestamp());
INSERT INTO T_MNU_I(MNU_ID, MNU_CD, MNU_NM, HGR_MNU_ID, FRST_REGR_ID, FRST_REG_DTM, LST_MDFR_ID, LST_MDF_DTM)VALUES(nextval('q_mnu_i_01'), 'MN00017', 	'수행이력', 		'','experdb', clock_timestamp(), 'experdb', clock_timestamp());


INSERT INTO T_USR_I( USR_ID, USR_NM, PWD, BLN_NM, DEPT_NM, RSP_BSN_NM, PST_NM, CPN, USR_EXPR_DT, USE_YN, ENCP_USE_YN, FRST_REGR_ID, FRST_REG_DTM, LST_MDFR_ID, LST_MDF_DTM)VALUES('experdb', '슈퍼유저', 'UP7x6XqHQsGUZoa5ZXphGQ==', 'INZENT', 'OSD사업팀', '슈퍼유저', '슈퍼유저', '', '20990101',  'Y', 'N', 'admin', clock_timestamp(), 'admin', clock_timestamp());
INSERT INTO T_USR_I( USR_ID, USR_NM, PWD, BLN_NM, DEPT_NM, RSP_BSN_NM, PST_NM, CPN, USR_EXPR_DT, USE_YN, ENCP_USE_YN, FRST_REGR_ID, FRST_REG_DTM, LST_MDFR_ID, LST_MDF_DTM)VALUES('admin', '관리자', 'UP7x6XqHQsGUZoa5ZXphGQ==', 'INZENT', 'OSD사업팀', '관리자', '관리자', '', '20990101',  'Y', 'Y', 'admin', clock_timestamp(), 'admin', clock_timestamp());


INSERT INTO T_USRMNUAUT_I(USR_MNU_AUT_ID, USR_ID, MNU_ID, READ_AUT_YN, WRT_AUT_YN, FRST_REGR_ID, FRST_REG_DTM, LST_MDFR_ID, LST_MDF_DTM)VALUES(nextval('q_usrmnuaut_i_01'), 'experdb', 1,'Y', 'Y', 'experdb', clock_timestamp(), 'experdb', clock_timestamp());
INSERT INTO T_USRMNUAUT_I(USR_MNU_AUT_ID, USR_ID, MNU_ID, READ_AUT_YN, WRT_AUT_YN, FRST_REGR_ID, FRST_REG_DTM, LST_MDFR_ID, LST_MDF_DTM)VALUES(nextval('q_usrmnuaut_i_01'), 'experdb', 2, 'Y', 'Y', 'experdb', clock_timestamp(), 'experdb', clock_timestamp());
INSERT INTO T_USRMNUAUT_I(USR_MNU_AUT_ID, USR_ID, MNU_ID, READ_AUT_YN, WRT_AUT_YN, FRST_REGR_ID, FRST_REG_DTM, LST_MDFR_ID, LST_MDF_DTM)VALUES(nextval('q_usrmnuaut_i_01'), 'experdb', 3, 'Y', 'Y', 'experdb', clock_timestamp(), 'experdb', clock_timestamp());
INSERT INTO T_USRMNUAUT_I(USR_MNU_AUT_ID, USR_ID, MNU_ID, READ_AUT_YN, WRT_AUT_YN, FRST_REGR_ID, FRST_REG_DTM, LST_MDFR_ID, LST_MDF_DTM)VALUES(nextval('q_usrmnuaut_i_01'), 'experdb', 4, 'Y', 'Y', 'experdb', clock_timestamp(), 'experdb', clock_timestamp());
INSERT INTO T_USRMNUAUT_I(USR_MNU_AUT_ID, USR_ID, MNU_ID, READ_AUT_YN, WRT_AUT_YN, FRST_REGR_ID, FRST_REG_DTM, LST_MDFR_ID, LST_MDF_DTM)VALUES(nextval('q_usrmnuaut_i_01'), 'experdb', 5, 'Y', 'Y', 'experdb', clock_timestamp(), 'experdb', clock_timestamp());
INSERT INTO T_USRMNUAUT_I(USR_MNU_AUT_ID, USR_ID, MNU_ID, READ_AUT_YN, WRT_AUT_YN, FRST_REGR_ID, FRST_REG_DTM, LST_MDFR_ID, LST_MDF_DTM)VALUES(nextval('q_usrmnuaut_i_01'), 'experdb', 6, 'Y', 'Y', 'experdb', clock_timestamp(), 'experdb', clock_timestamp());
INSERT INTO T_USRMNUAUT_I(USR_MNU_AUT_ID, USR_ID, MNU_ID, READ_AUT_YN, WRT_AUT_YN, FRST_REGR_ID, FRST_REG_DTM, LST_MDFR_ID, LST_MDF_DTM)VALUES(nextval('q_usrmnuaut_i_01'), 'experdb', 7, 'Y', 'Y', 'experdb', clock_timestamp(), 'experdb', clock_timestamp());
INSERT INTO T_USRMNUAUT_I(USR_MNU_AUT_ID, USR_ID, MNU_ID, READ_AUT_YN, WRT_AUT_YN, FRST_REGR_ID, FRST_REG_DTM, LST_MDFR_ID, LST_MDF_DTM)VALUES(nextval('q_usrmnuaut_i_01'), 'experdb', 8, 'Y', 'Y', 'experdb', clock_timestamp(), 'experdb', clock_timestamp());
INSERT INTO T_USRMNUAUT_I(USR_MNU_AUT_ID, USR_ID, MNU_ID, READ_AUT_YN, WRT_AUT_YN, FRST_REGR_ID, FRST_REG_DTM, LST_MDFR_ID, LST_MDF_DTM)VALUES(nextval('q_usrmnuaut_i_01'), 'experdb', 9, 'Y', 'Y', 'experdb', clock_timestamp(), 'experdb', clock_timestamp());
INSERT INTO T_USRMNUAUT_I(USR_MNU_AUT_ID, USR_ID, MNU_ID, READ_AUT_YN, WRT_AUT_YN, FRST_REGR_ID, FRST_REG_DTM, LST_MDFR_ID, LST_MDF_DTM)VALUES(nextval('q_usrmnuaut_i_01'), 'experdb', 10, 'Y', 'Y', 'experdb', clock_timestamp(), 'experdb', clock_timestamp());
INSERT INTO T_USRMNUAUT_I(USR_MNU_AUT_ID, USR_ID, MNU_ID, READ_AUT_YN, WRT_AUT_YN, FRST_REGR_ID, FRST_REG_DTM, LST_MDFR_ID, LST_MDF_DTM)VALUES(nextval('q_usrmnuaut_i_01'), 'experdb', 11, 'Y', 'Y', 'experdb', clock_timestamp(), 'experdb', clock_timestamp());
INSERT INTO T_USRMNUAUT_I(USR_MNU_AUT_ID, USR_ID, MNU_ID, READ_AUT_YN, WRT_AUT_YN, FRST_REGR_ID, FRST_REG_DTM, LST_MDFR_ID, LST_MDF_DTM)VALUES(nextval('q_usrmnuaut_i_01'), 'experdb', 12, 'Y', 'Y', 'experdb', clock_timestamp(), 'experdb', clock_timestamp());
INSERT INTO T_USRMNUAUT_I(USR_MNU_AUT_ID, USR_ID, MNU_ID, READ_AUT_YN, WRT_AUT_YN, FRST_REGR_ID, FRST_REG_DTM, LST_MDFR_ID, LST_MDF_DTM)VALUES(nextval('q_usrmnuaut_i_01'), 'experdb', 13, 'Y', 'Y', 'experdb', clock_timestamp(), 'experdb', clock_timestamp());
INSERT INTO T_USRMNUAUT_I(USR_MNU_AUT_ID, USR_ID, MNU_ID, READ_AUT_YN, WRT_AUT_YN, FRST_REGR_ID, FRST_REG_DTM, LST_MDFR_ID, LST_MDF_DTM)VALUES(nextval('q_usrmnuaut_i_01'), 'experdb', 14, 'Y', 'Y', 'experdb', clock_timestamp(), 'experdb', clock_timestamp());
INSERT INTO T_USRMNUAUT_I(USR_MNU_AUT_ID, USR_ID, MNU_ID, READ_AUT_YN, WRT_AUT_YN, FRST_REGR_ID, FRST_REG_DTM, LST_MDFR_ID, LST_MDF_DTM)VALUES(nextval('q_usrmnuaut_i_01'), 'experdb', 15, 'Y', 'Y', 'experdb', clock_timestamp(), 'experdb', clock_timestamp());
INSERT INTO T_USRMNUAUT_I(USR_MNU_AUT_ID, USR_ID, MNU_ID, READ_AUT_YN, WRT_AUT_YN, FRST_REGR_ID, FRST_REG_DTM, LST_MDFR_ID, LST_MDF_DTM)VALUES(nextval('q_usrmnuaut_i_01'), 'experdb', 16, 'Y', 'Y', 'experdb', clock_timestamp(), 'experdb', clock_timestamp());
INSERT INTO T_USRMNUAUT_I(USR_MNU_AUT_ID, USR_ID, MNU_ID, READ_AUT_YN, WRT_AUT_YN, FRST_REGR_ID, FRST_REG_DTM, LST_MDFR_ID, LST_MDF_DTM)VALUES(nextval('q_usrmnuaut_i_01'), 'experdb', 17, 'Y', 'Y', 'experdb', clock_timestamp(), 'experdb', clock_timestamp());
INSERT INTO T_USRMNUAUT_I(USR_MNU_AUT_ID, USR_ID, MNU_ID, READ_AUT_YN, WRT_AUT_YN, FRST_REGR_ID, FRST_REG_DTM, LST_MDFR_ID, LST_MDF_DTM)VALUES(nextval('q_usrmnuaut_i_01'), 'experdb', 18, 'Y', 'Y', 'experdb', clock_timestamp(), 'experdb', clock_timestamp());
INSERT INTO T_USRMNUAUT_I(USR_MNU_AUT_ID, USR_ID, MNU_ID, READ_AUT_YN, WRT_AUT_YN, FRST_REGR_ID, FRST_REG_DTM, LST_MDFR_ID, LST_MDF_DTM)VALUES(nextval('q_usrmnuaut_i_01'), 'experdb', 19, 'Y', 'Y', 'experdb', clock_timestamp(), 'experdb', clock_timestamp());
INSERT INTO T_USRMNUAUT_I(USR_MNU_AUT_ID, USR_ID, MNU_ID, READ_AUT_YN, WRT_AUT_YN, FRST_REGR_ID, FRST_REG_DTM, LST_MDFR_ID, LST_MDF_DTM)VALUES(nextval('q_usrmnuaut_i_01'), 'experdb', 20, 'Y', 'Y', 'experdb', clock_timestamp(), 'experdb', clock_timestamp());
INSERT INTO T_USRMNUAUT_I(USR_MNU_AUT_ID, USR_ID, MNU_ID, READ_AUT_YN, WRT_AUT_YN, FRST_REGR_ID, FRST_REG_DTM, LST_MDFR_ID, LST_MDF_DTM)VALUES(nextval('q_usrmnuaut_i_01'), 'experdb', 21, 'Y', 'Y', 'experdb', clock_timestamp(), 'experdb', clock_timestamp());
INSERT INTO T_USRMNUAUT_I(USR_MNU_AUT_ID, USR_ID, MNU_ID, READ_AUT_YN, WRT_AUT_YN, FRST_REGR_ID, FRST_REG_DTM, LST_MDFR_ID, LST_MDF_DTM)VALUES(nextval('q_usrmnuaut_i_01'), 'experdb', 22, 'Y', 'Y', 'experdb', clock_timestamp(), 'experdb', clock_timestamp());
INSERT INTO T_USRMNUAUT_I(USR_MNU_AUT_ID, USR_ID, MNU_ID, READ_AUT_YN, WRT_AUT_YN, FRST_REGR_ID, FRST_REG_DTM, LST_MDFR_ID, LST_MDF_DTM)VALUES(nextval('q_usrmnuaut_i_01'), 'experdb', 23, 'Y', 'Y', 'experdb', clock_timestamp(), 'experdb', clock_timestamp());
INSERT INTO T_USRMNUAUT_I(USR_MNU_AUT_ID, USR_ID, MNU_ID, READ_AUT_YN, WRT_AUT_YN, FRST_REGR_ID, FRST_REG_DTM, LST_MDFR_ID, LST_MDF_DTM)VALUES(nextval('q_usrmnuaut_i_01'), 'experdb', 24, 'Y', 'Y', 'experdb', clock_timestamp(), 'experdb', clock_timestamp());
INSERT INTO T_USRMNUAUT_I(USR_MNU_AUT_ID, USR_ID, MNU_ID, READ_AUT_YN, WRT_AUT_YN, FRST_REGR_ID, FRST_REG_DTM, LST_MDFR_ID, LST_MDF_DTM)VALUES(nextval('q_usrmnuaut_i_01'), 'experdb', 25, 'Y', 'Y', 'experdb', clock_timestamp(), 'experdb', clock_timestamp());
INSERT INTO T_USRMNUAUT_I(USR_MNU_AUT_ID, USR_ID, MNU_ID, READ_AUT_YN, WRT_AUT_YN, FRST_REGR_ID, FRST_REG_DTM, LST_MDFR_ID, LST_MDF_DTM)VALUES(nextval('q_usrmnuaut_i_01'), 'experdb', 26, 'Y', 'Y', 'experdb', clock_timestamp(), 'experdb', clock_timestamp());
INSERT INTO T_USRMNUAUT_I(USR_MNU_AUT_ID, USR_ID, MNU_ID, READ_AUT_YN, WRT_AUT_YN, FRST_REGR_ID, FRST_REG_DTM, LST_MDFR_ID, LST_MDF_DTM)VALUES(nextval('q_usrmnuaut_i_01'), 'experdb', 27, 'Y', 'Y', 'experdb', clock_timestamp(), 'experdb', clock_timestamp());
INSERT INTO T_USRMNUAUT_I(USR_MNU_AUT_ID, USR_ID, MNU_ID, READ_AUT_YN, WRT_AUT_YN, FRST_REGR_ID, FRST_REG_DTM, LST_MDFR_ID, LST_MDF_DTM)VALUES(nextval('q_usrmnuaut_i_01'), 'experdb', 28, 'Y', 'Y', 'experdb', clock_timestamp(), 'experdb', clock_timestamp());
INSERT INTO T_USRMNUAUT_I(USR_MNU_AUT_ID, USR_ID, MNU_ID, READ_AUT_YN, WRT_AUT_YN, FRST_REGR_ID, FRST_REG_DTM, LST_MDFR_ID, LST_MDF_DTM)VALUES(nextval('q_usrmnuaut_i_01'), 'experdb', 29, 'Y', 'Y', 'experdb', clock_timestamp(), 'experdb', clock_timestamp());
INSERT INTO T_USRMNUAUT_I(USR_MNU_AUT_ID, USR_ID, MNU_ID, READ_AUT_YN, WRT_AUT_YN, FRST_REGR_ID, FRST_REG_DTM, LST_MDFR_ID, LST_MDF_DTM)VALUES(nextval('q_usrmnuaut_i_01'), 'experdb', 30, 'Y', 'Y', 'experdb', clock_timestamp(), 'experdb', clock_timestamp());
INSERT INTO T_USRMNUAUT_I(USR_MNU_AUT_ID, USR_ID, MNU_ID, READ_AUT_YN, WRT_AUT_YN, FRST_REGR_ID, FRST_REG_DTM, LST_MDFR_ID, LST_MDF_DTM)VALUES(nextval('q_usrmnuaut_i_01'), 'experdb', 31, 'N', 'N', 'experdb', clock_timestamp(), 'experdb', clock_timestamp());
INSERT INTO T_USRMNUAUT_I(USR_MNU_AUT_ID, USR_ID, MNU_ID, READ_AUT_YN, WRT_AUT_YN, FRST_REGR_ID, FRST_REG_DTM, LST_MDFR_ID, LST_MDF_DTM)VALUES(nextval('q_usrmnuaut_i_01'), 'experdb', 32, 'Y', 'Y', 'experdb', clock_timestamp(), 'experdb', clock_timestamp());
INSERT INTO T_USRMNUAUT_I(USR_MNU_AUT_ID, USR_ID, MNU_ID, READ_AUT_YN, WRT_AUT_YN, FRST_REGR_ID, FRST_REG_DTM, LST_MDFR_ID, LST_MDF_DTM)VALUES(nextval('q_usrmnuaut_i_01'), 'experdb', 33, 'Y', 'Y', 'experdb', clock_timestamp(), 'experdb', clock_timestamp());
INSERT INTO T_USRMNUAUT_I(USR_MNU_AUT_ID, USR_ID, MNU_ID, READ_AUT_YN, WRT_AUT_YN, FRST_REGR_ID, FRST_REG_DTM, LST_MDFR_ID, LST_MDF_DTM)VALUES(nextval('q_usrmnuaut_i_01'), 'experdb', 34, 'Y', 'Y', 'experdb', clock_timestamp(), 'experdb', clock_timestamp());
INSERT INTO T_USRMNUAUT_I(USR_MNU_AUT_ID, USR_ID, MNU_ID, READ_AUT_YN, WRT_AUT_YN, FRST_REGR_ID, FRST_REG_DTM, LST_MDFR_ID, LST_MDF_DTM)VALUES(nextval('q_usrmnuaut_i_01'), 'experdb', 35, 'Y', 'Y', 'experdb', clock_timestamp(), 'experdb', clock_timestamp());
INSERT INTO T_USRMNUAUT_I(USR_MNU_AUT_ID, USR_ID, MNU_ID, READ_AUT_YN, WRT_AUT_YN, FRST_REGR_ID, FRST_REG_DTM, LST_MDFR_ID, LST_MDF_DTM)VALUES(nextval('q_usrmnuaut_i_01'), 'experdb', 36, 'Y', 'Y', 'experdb', clock_timestamp(), 'experdb', clock_timestamp());
INSERT INTO T_USRMNUAUT_I(USR_MNU_AUT_ID, USR_ID, MNU_ID, READ_AUT_YN, WRT_AUT_YN, FRST_REGR_ID, FRST_REG_DTM, LST_MDFR_ID, LST_MDF_DTM)VALUES(nextval('q_usrmnuaut_i_01'), 'experdb', 37, 'Y', 'Y', 'experdb', clock_timestamp(), 'experdb', clock_timestamp());
INSERT INTO T_USRMNUAUT_I(USR_MNU_AUT_ID, USR_ID, MNU_ID, READ_AUT_YN, WRT_AUT_YN, FRST_REGR_ID, FRST_REG_DTM, LST_MDFR_ID, LST_MDF_DTM)VALUES(nextval('q_usrmnuaut_i_01'), 'experdb', 38, 'Y', 'Y', 'experdb', clock_timestamp(), 'experdb', clock_timestamp());
INSERT INTO T_USRMNUAUT_I(USR_MNU_AUT_ID, USR_ID, MNU_ID, READ_AUT_YN, WRT_AUT_YN, FRST_REGR_ID, FRST_REG_DTM, LST_MDFR_ID, LST_MDF_DTM)VALUES(nextval('q_usrmnuaut_i_01'), 'experdb', 39, 'Y', 'Y', 'experdb', clock_timestamp(), 'experdb', clock_timestamp());
INSERT INTO T_USRMNUAUT_I(USR_MNU_AUT_ID, USR_ID, MNU_ID, READ_AUT_YN, WRT_AUT_YN, FRST_REGR_ID, FRST_REG_DTM, LST_MDFR_ID, LST_MDF_DTM)VALUES(nextval('q_usrmnuaut_i_01'), 'experdb', 40, 'Y', 'Y', 'experdb', clock_timestamp(), 'experdb', clock_timestamp());
INSERT INTO T_USRMNUAUT_I(USR_MNU_AUT_ID, USR_ID, MNU_ID, READ_AUT_YN, WRT_AUT_YN, FRST_REGR_ID, FRST_REG_DTM, LST_MDFR_ID, LST_MDF_DTM)VALUES(nextval('q_usrmnuaut_i_01'), 'experdb', 41, 'Y', 'Y', 'experdb', clock_timestamp(), 'experdb', clock_timestamp());
INSERT INTO T_USRMNUAUT_I(USR_MNU_AUT_ID, USR_ID, MNU_ID, READ_AUT_YN, WRT_AUT_YN, FRST_REGR_ID, FRST_REG_DTM, LST_MDFR_ID, LST_MDF_DTM)VALUES(nextval('q_usrmnuaut_i_01'), 'experdb', 42, 'Y', 'Y', 'experdb', clock_timestamp(), 'experdb', clock_timestamp());


INSERT INTO T_USRMNUAUT_I(USR_MNU_AUT_ID, USR_ID, MNU_ID, READ_AUT_YN, WRT_AUT_YN, FRST_REGR_ID, FRST_REG_DTM, LST_MDFR_ID, LST_MDF_DTM)VALUES(nextval('q_usrmnuaut_i_01'), 'admin', 1, 'Y', 'Y', 'experdb', clock_timestamp(), 'experdb', clock_timestamp());
INSERT INTO T_USRMNUAUT_I(USR_MNU_AUT_ID, USR_ID, MNU_ID, READ_AUT_YN, WRT_AUT_YN, FRST_REGR_ID, FRST_REG_DTM, LST_MDFR_ID, LST_MDF_DTM)VALUES(nextval('q_usrmnuaut_i_01'), 'admin', 2, 'Y', 'Y', 'experdb', clock_timestamp(), 'experdb', clock_timestamp());
INSERT INTO T_USRMNUAUT_I(USR_MNU_AUT_ID, USR_ID, MNU_ID, READ_AUT_YN, WRT_AUT_YN, FRST_REGR_ID, FRST_REG_DTM, LST_MDFR_ID, LST_MDF_DTM)VALUES(nextval('q_usrmnuaut_i_01'), 'admin', 3, 'Y', 'Y', 'experdb', clock_timestamp(), 'experdb', clock_timestamp());
INSERT INTO T_USRMNUAUT_I(USR_MNU_AUT_ID, USR_ID, MNU_ID, READ_AUT_YN, WRT_AUT_YN, FRST_REGR_ID, FRST_REG_DTM, LST_MDFR_ID, LST_MDF_DTM)VALUES(nextval('q_usrmnuaut_i_01'), 'admin', 4, 'Y', 'Y', 'experdb', clock_timestamp(), 'experdb', clock_timestamp());
INSERT INTO T_USRMNUAUT_I(USR_MNU_AUT_ID, USR_ID, MNU_ID, READ_AUT_YN, WRT_AUT_YN, FRST_REGR_ID, FRST_REG_DTM, LST_MDFR_ID, LST_MDF_DTM)VALUES(nextval('q_usrmnuaut_i_01'), 'admin', 5, 'Y', 'Y', 'experdb', clock_timestamp(), 'experdb', clock_timestamp());
INSERT INTO T_USRMNUAUT_I(USR_MNU_AUT_ID, USR_ID, MNU_ID, READ_AUT_YN, WRT_AUT_YN, FRST_REGR_ID, FRST_REG_DTM, LST_MDFR_ID, LST_MDF_DTM)VALUES(nextval('q_usrmnuaut_i_01'), 'admin', 6, 'Y', 'Y', 'experdb', clock_timestamp(), 'experdb', clock_timestamp());
INSERT INTO T_USRMNUAUT_I(USR_MNU_AUT_ID, USR_ID, MNU_ID, READ_AUT_YN, WRT_AUT_YN, FRST_REGR_ID, FRST_REG_DTM, LST_MDFR_ID, LST_MDF_DTM)VALUES(nextval('q_usrmnuaut_i_01'), 'admin', 7, 'Y', 'Y', 'experdb', clock_timestamp(), 'experdb', clock_timestamp());
INSERT INTO T_USRMNUAUT_I(USR_MNU_AUT_ID, USR_ID, MNU_ID, READ_AUT_YN, WRT_AUT_YN, FRST_REGR_ID, FRST_REG_DTM, LST_MDFR_ID, LST_MDF_DTM)VALUES(nextval('q_usrmnuaut_i_01'), 'admin', 8, 'Y', 'Y', 'experdb', clock_timestamp(), 'experdb', clock_timestamp());
INSERT INTO T_USRMNUAUT_I(USR_MNU_AUT_ID, USR_ID, MNU_ID, READ_AUT_YN, WRT_AUT_YN, FRST_REGR_ID, FRST_REG_DTM, LST_MDFR_ID, LST_MDF_DTM)VALUES(nextval('q_usrmnuaut_i_01'), 'admin', 9, 'Y', 'Y', 'experdb', clock_timestamp(), 'experdb', clock_timestamp());
INSERT INTO T_USRMNUAUT_I(USR_MNU_AUT_ID, USR_ID, MNU_ID, READ_AUT_YN, WRT_AUT_YN, FRST_REGR_ID, FRST_REG_DTM, LST_MDFR_ID, LST_MDF_DTM)VALUES(nextval('q_usrmnuaut_i_01'), 'admin', 10, 'Y', 'Y', 'experdb', clock_timestamp(), 'experdb', clock_timestamp());
INSERT INTO T_USRMNUAUT_I(USR_MNU_AUT_ID, USR_ID, MNU_ID, READ_AUT_YN, WRT_AUT_YN, FRST_REGR_ID, FRST_REG_DTM, LST_MDFR_ID, LST_MDF_DTM)VALUES(nextval('q_usrmnuaut_i_01'), 'admin', 11, 'Y', 'Y', 'experdb', clock_timestamp(), 'experdb', clock_timestamp());
INSERT INTO T_USRMNUAUT_I(USR_MNU_AUT_ID, USR_ID, MNU_ID, READ_AUT_YN, WRT_AUT_YN, FRST_REGR_ID, FRST_REG_DTM, LST_MDFR_ID, LST_MDF_DTM)VALUES(nextval('q_usrmnuaut_i_01'), 'admin', 12, 'Y', 'Y', 'experdb', clock_timestamp(), 'experdb', clock_timestamp());
INSERT INTO T_USRMNUAUT_I(USR_MNU_AUT_ID, USR_ID, MNU_ID, READ_AUT_YN, WRT_AUT_YN, FRST_REGR_ID, FRST_REG_DTM, LST_MDFR_ID, LST_MDF_DTM)VALUES(nextval('q_usrmnuaut_i_01'), 'admin', 13, 'Y', 'Y', 'experdb', clock_timestamp(), 'experdb', clock_timestamp());
INSERT INTO T_USRMNUAUT_I(USR_MNU_AUT_ID, USR_ID, MNU_ID, READ_AUT_YN, WRT_AUT_YN, FRST_REGR_ID, FRST_REG_DTM, LST_MDFR_ID, LST_MDF_DTM)VALUES(nextval('q_usrmnuaut_i_01'), 'admin', 14, 'Y', 'Y', 'experdb', clock_timestamp(), 'experdb', clock_timestamp());
INSERT INTO T_USRMNUAUT_I(USR_MNU_AUT_ID, USR_ID, MNU_ID, READ_AUT_YN, WRT_AUT_YN, FRST_REGR_ID, FRST_REG_DTM, LST_MDFR_ID, LST_MDF_DTM)VALUES(nextval('q_usrmnuaut_i_01'), 'admin', 15, 'Y', 'Y', 'experdb', clock_timestamp(), 'experdb', clock_timestamp());
INSERT INTO T_USRMNUAUT_I(USR_MNU_AUT_ID, USR_ID, MNU_ID, READ_AUT_YN, WRT_AUT_YN, FRST_REGR_ID, FRST_REG_DTM, LST_MDFR_ID, LST_MDF_DTM)VALUES(nextval('q_usrmnuaut_i_01'), 'admin', 16, 'Y', 'Y', 'experdb', clock_timestamp(), 'experdb', clock_timestamp());
INSERT INTO T_USRMNUAUT_I(USR_MNU_AUT_ID, USR_ID, MNU_ID, READ_AUT_YN, WRT_AUT_YN, FRST_REGR_ID, FRST_REG_DTM, LST_MDFR_ID, LST_MDF_DTM)VALUES(nextval('q_usrmnuaut_i_01'), 'admin', 17, 'Y', 'Y', 'experdb', clock_timestamp(), 'experdb', clock_timestamp());
INSERT INTO T_USRMNUAUT_I(USR_MNU_AUT_ID, USR_ID, MNU_ID, READ_AUT_YN, WRT_AUT_YN, FRST_REGR_ID, FRST_REG_DTM, LST_MDFR_ID, LST_MDF_DTM)VALUES(nextval('q_usrmnuaut_i_01'), 'admin', 18, 'Y', 'Y', 'experdb', clock_timestamp(), 'experdb', clock_timestamp());
INSERT INTO T_USRMNUAUT_I(USR_MNU_AUT_ID, USR_ID, MNU_ID, READ_AUT_YN, WRT_AUT_YN, FRST_REGR_ID, FRST_REG_DTM, LST_MDFR_ID, LST_MDF_DTM)VALUES(nextval('q_usrmnuaut_i_01'), 'admin', 19, 'Y', 'Y', 'experdb', clock_timestamp(), 'experdb', clock_timestamp());
INSERT INTO T_USRMNUAUT_I(USR_MNU_AUT_ID, USR_ID, MNU_ID, READ_AUT_YN, WRT_AUT_YN, FRST_REGR_ID, FRST_REG_DTM, LST_MDFR_ID, LST_MDF_DTM)VALUES(nextval('q_usrmnuaut_i_01'), 'admin', 20, 'Y', 'Y', 'experdb', clock_timestamp(), 'experdb', clock_timestamp());
INSERT INTO T_USRMNUAUT_I(USR_MNU_AUT_ID, USR_ID, MNU_ID, READ_AUT_YN, WRT_AUT_YN, FRST_REGR_ID, FRST_REG_DTM, LST_MDFR_ID, LST_MDF_DTM)VALUES(nextval('q_usrmnuaut_i_01'), 'admin', 21, 'Y', 'Y', 'experdb', clock_timestamp(), 'experdb', clock_timestamp());
INSERT INTO T_USRMNUAUT_I(USR_MNU_AUT_ID, USR_ID, MNU_ID, READ_AUT_YN, WRT_AUT_YN, FRST_REGR_ID, FRST_REG_DTM, LST_MDFR_ID, LST_MDF_DTM)VALUES(nextval('q_usrmnuaut_i_01'), 'admin', 22, 'Y', 'Y', 'experdb', clock_timestamp(), 'experdb', clock_timestamp());
INSERT INTO T_USRMNUAUT_I(USR_MNU_AUT_ID, USR_ID, MNU_ID, READ_AUT_YN, WRT_AUT_YN, FRST_REGR_ID, FRST_REG_DTM, LST_MDFR_ID, LST_MDF_DTM)VALUES(nextval('q_usrmnuaut_i_01'), 'admin', 23, 'Y', 'Y', 'experdb', clock_timestamp(), 'experdb', clock_timestamp());
INSERT INTO T_USRMNUAUT_I(USR_MNU_AUT_ID, USR_ID, MNU_ID, READ_AUT_YN, WRT_AUT_YN, FRST_REGR_ID, FRST_REG_DTM, LST_MDFR_ID, LST_MDF_DTM)VALUES(nextval('q_usrmnuaut_i_01'), 'admin', 24, 'Y', 'Y', 'experdb', clock_timestamp(), 'experdb', clock_timestamp());
INSERT INTO T_USRMNUAUT_I(USR_MNU_AUT_ID, USR_ID, MNU_ID, READ_AUT_YN, WRT_AUT_YN, FRST_REGR_ID, FRST_REG_DTM, LST_MDFR_ID, LST_MDF_DTM)VALUES(nextval('q_usrmnuaut_i_01'), 'admin', 25, 'Y', 'Y', 'experdb', clock_timestamp(), 'experdb', clock_timestamp());
INSERT INTO T_USRMNUAUT_I(USR_MNU_AUT_ID, USR_ID, MNU_ID, READ_AUT_YN, WRT_AUT_YN, FRST_REGR_ID, FRST_REG_DTM, LST_MDFR_ID, LST_MDF_DTM)VALUES(nextval('q_usrmnuaut_i_01'), 'admin', 26, 'Y', 'Y', 'experdb', clock_timestamp(), 'experdb', clock_timestamp());
INSERT INTO T_USRMNUAUT_I(USR_MNU_AUT_ID, USR_ID, MNU_ID, READ_AUT_YN, WRT_AUT_YN, FRST_REGR_ID, FRST_REG_DTM, LST_MDFR_ID, LST_MDF_DTM)VALUES(nextval('q_usrmnuaut_i_01'), 'admin', 27, 'Y', 'Y', 'experdb', clock_timestamp(), 'experdb', clock_timestamp());
INSERT INTO T_USRMNUAUT_I(USR_MNU_AUT_ID, USR_ID, MNU_ID, READ_AUT_YN, WRT_AUT_YN, FRST_REGR_ID, FRST_REG_DTM, LST_MDFR_ID, LST_MDF_DTM)VALUES(nextval('q_usrmnuaut_i_01'), 'admin', 28, 'Y', 'Y', 'experdb', clock_timestamp(), 'experdb', clock_timestamp());
INSERT INTO T_USRMNUAUT_I(USR_MNU_AUT_ID, USR_ID, MNU_ID, READ_AUT_YN, WRT_AUT_YN, FRST_REGR_ID, FRST_REG_DTM, LST_MDFR_ID, LST_MDF_DTM)VALUES(nextval('q_usrmnuaut_i_01'), 'admin', 29, 'Y', 'Y', 'experdb', clock_timestamp(), 'experdb', clock_timestamp());
INSERT INTO T_USRMNUAUT_I(USR_MNU_AUT_ID, USR_ID, MNU_ID, READ_AUT_YN, WRT_AUT_YN, FRST_REGR_ID, FRST_REG_DTM, LST_MDFR_ID, LST_MDF_DTM)VALUES(nextval('q_usrmnuaut_i_01'), 'admin', 30, 'Y', 'Y', 'experdb', clock_timestamp(), 'experdb', clock_timestamp());
INSERT INTO T_USRMNUAUT_I(USR_MNU_AUT_ID, USR_ID, MNU_ID, READ_AUT_YN, WRT_AUT_YN, FRST_REGR_ID, FRST_REG_DTM, LST_MDFR_ID, LST_MDF_DTM)VALUES(nextval('q_usrmnuaut_i_01'), 'admin', 31, 'N', 'N', 'experdb', clock_timestamp(), 'experdb', clock_timestamp());
INSERT INTO T_USRMNUAUT_I(USR_MNU_AUT_ID, USR_ID, MNU_ID, READ_AUT_YN, WRT_AUT_YN, FRST_REGR_ID, FRST_REG_DTM, LST_MDFR_ID, LST_MDF_DTM)VALUES(nextval('q_usrmnuaut_i_01'), 'admin', 32, 'Y', 'Y', 'experdb', clock_timestamp(), 'experdb', clock_timestamp());
INSERT INTO T_USRMNUAUT_I(USR_MNU_AUT_ID, USR_ID, MNU_ID, READ_AUT_YN, WRT_AUT_YN, FRST_REGR_ID, FRST_REG_DTM, LST_MDFR_ID, LST_MDF_DTM)VALUES(nextval('q_usrmnuaut_i_01'), 'admin', 33, 'Y', 'Y', 'experdb', clock_timestamp(), 'experdb', clock_timestamp());
INSERT INTO T_USRMNUAUT_I(USR_MNU_AUT_ID, USR_ID, MNU_ID, READ_AUT_YN, WRT_AUT_YN, FRST_REGR_ID, FRST_REG_DTM, LST_MDFR_ID, LST_MDF_DTM)VALUES(nextval('q_usrmnuaut_i_01'), 'admin', 34, 'Y', 'Y', 'experdb', clock_timestamp(), 'experdb', clock_timestamp());
INSERT INTO T_USRMNUAUT_I(USR_MNU_AUT_ID, USR_ID, MNU_ID, READ_AUT_YN, WRT_AUT_YN, FRST_REGR_ID, FRST_REG_DTM, LST_MDFR_ID, LST_MDF_DTM)VALUES(nextval('q_usrmnuaut_i_01'), 'admin', 35, 'Y', 'Y', 'experdb', clock_timestamp(), 'experdb', clock_timestamp());
INSERT INTO T_USRMNUAUT_I(USR_MNU_AUT_ID, USR_ID, MNU_ID, READ_AUT_YN, WRT_AUT_YN, FRST_REGR_ID, FRST_REG_DTM, LST_MDFR_ID, LST_MDF_DTM)VALUES(nextval('q_usrmnuaut_i_01'), 'admin', 36, 'Y', 'Y', 'experdb', clock_timestamp(), 'experdb', clock_timestamp());
INSERT INTO T_USRMNUAUT_I(USR_MNU_AUT_ID, USR_ID, MNU_ID, READ_AUT_YN, WRT_AUT_YN, FRST_REGR_ID, FRST_REG_DTM, LST_MDFR_ID, LST_MDF_DTM)VALUES(nextval('q_usrmnuaut_i_01'), 'admin', 37, 'Y', 'Y', 'experdb', clock_timestamp(), 'experdb', clock_timestamp());
INSERT INTO T_USRMNUAUT_I(USR_MNU_AUT_ID, USR_ID, MNU_ID, READ_AUT_YN, WRT_AUT_YN, FRST_REGR_ID, FRST_REG_DTM, LST_MDFR_ID, LST_MDF_DTM)VALUES(nextval('q_usrmnuaut_i_01'), 'admin', 38, 'Y', 'Y', 'experdb', clock_timestamp(), 'experdb', clock_timestamp());
INSERT INTO T_USRMNUAUT_I(USR_MNU_AUT_ID, USR_ID, MNU_ID, READ_AUT_YN, WRT_AUT_YN, FRST_REGR_ID, FRST_REG_DTM, LST_MDFR_ID, LST_MDF_DTM)VALUES(nextval('q_usrmnuaut_i_01'), 'admin', 39, 'Y', 'Y', 'experdb', clock_timestamp(), 'experdb', clock_timestamp());
INSERT INTO T_USRMNUAUT_I(USR_MNU_AUT_ID, USR_ID, MNU_ID, READ_AUT_YN, WRT_AUT_YN, FRST_REGR_ID, FRST_REG_DTM, LST_MDFR_ID, LST_MDF_DTM)VALUES(nextval('q_usrmnuaut_i_01'), 'admin', 40, 'Y', 'Y', 'experdb', clock_timestamp(), 'experdb', clock_timestamp());
INSERT INTO T_USRMNUAUT_I(USR_MNU_AUT_ID, USR_ID, MNU_ID, READ_AUT_YN, WRT_AUT_YN, FRST_REGR_ID, FRST_REG_DTM, LST_MDFR_ID, LST_MDF_DTM)VALUES(nextval('q_usrmnuaut_i_01'), 'admin', 41, 'Y', 'Y', 'experdb', clock_timestamp(), 'experdb', clock_timestamp());
INSERT INTO T_USRMNUAUT_I(USR_MNU_AUT_ID, USR_ID, MNU_ID, READ_AUT_YN, WRT_AUT_YN, FRST_REGR_ID, FRST_REG_DTM, LST_MDFR_ID, LST_MDF_DTM)VALUES(nextval('q_usrmnuaut_i_01'), 'admin', 42, 'Y', 'Y', 'experdb', clock_timestamp(), 'experdb', clock_timestamp());
